country,reg,mean_age,Transmission_Classification,HIV.AIDS,Malaria,popDen,Avg_Rainfall91.2016_mm,Avg_temp91.2016_c,GDPpc,PerUrb,Diabetes_prevalence,cardioDR,Hospital_beds_per_thousand,AirConnectivityIndex,lag_rate,pop,PathCompPC2,PathCompPC3,HelminthPrev,cases,deaths,log_tests,log_cases,log_pop,IDburd_perMil,People_vaccinated,Msemburi_excessMortalityMean,IHME_excessMortalityMean
Afghanistan,EMed,19.5,clust,1.42E-04,0.01072646,56.93776001,26.84327013,13.54560946,521.6847275,25.2644,9.59,597.029,0.5,0.03,5966.3475,38928341,2.874240183,-0.12080909,0.26388165,55384,2414,7.205650766,10.92204602,17.4772331,85859.75236,4164530,44533,192000
Albania,Euro,34.3,clust,1.23E-05,0,104.6122628,82.68188798,12.10643452,4649.100558,59.3572,10.08,304.195,2.89,0.07,48416.30833,2837743,0.385803235,0.186433984,0,85088,1452,9.936653143,11.35144129,14.85851958,8963.849873,1141711,12689,17300
Algeria,Afri,28.9,comm,2.40E-04,5.30E-05,17.73007507,6.835601538,23.43961026,4074.396794,72.0354,6.73,278.364,1.9,0.07,31122.975,43851043,0.860800706,-0.313142078,0.074335179,109313,2918,6.295448642,11.60197061,17.59630906,10715.43869,7134946,69587,54400
Andorra,Euro,46.2,comm,0.001381292,0,163.8425532,63.13818955,11.95374638,38975.90305,88.1578,7.97,109.135,2.81,0.12,35199.178,77265,0.257948828,-0.266504375,0,10275,106,10.34089587,9.237469039,11.25499635,7458.639258,56753,375,328
Angola,Afri,15.9,comm,0.013121521,0.118632222,24.71305206,80.56724208,22.13381538,3569.847758,64.825,3.94,276.045,0.53,0.01,5832.412857,32866268,-0.499504585,0.091212088,0.269669953,20112,475,5.157283616,9.909071931,17.3079574,153529.5556,7610350,22685,64000
Antigua and Barbuda,Amer,32.7,spor,0.003264522,0,37.37236563,213.8767163,26.15621474,15730.53824,24.7328,13.17,191.511,3.8,0.04,13727.96167,97928,-1.737167457,-0.670772327,0.139315064,316,7,10.48963526,5.755742214,11.49198779,15022.45099,64978,-30,43
Argentina,Amer,32.4,comm,0.004449984,0,16.2585101,48.74463612,14.56888061,12547.62491,91.748,5.5,191.032,5,0.02,19448.382,45376763,-0.515465589,0.183759054,0.054174805,1988277,49368,10.04352363,14.50277899,17.6305107,20801.42171,38687350,89727,142000
Armenia,Euro,36.6,comm,4.83E-04,0,103.6802248,44.77818904,7.803381795,3991.370202,63.1276,7.11,341.01,4.2,0.04,26311.5375,2963234,0.147625913,0.261188277,0.021768836,168299,3126,10.37046561,12.03349744,14.9017918,12069.75791,936925,19663,20600
Australia,WPac,37.5,spor,7.54E-04,0,3.24787091,40.40741638,21.96657147,54634.02203,85.9082,5.07,107.791,3.84,0.06,3161.157143,25687041,0.008303567,-0.10608473,0,29069,916,11.20972944,10.27742759,17.06149718,4472.949383,20437664,-14255,-18100
Austria,Euro,44.5,comm,0.002054762,0,107.1279669,98.31900946,7.202214904,47699.46776,58.1052,6.35,145.183,7.37,0.09,66998.87167,8917205,0.392094604,-0.264571936,0,417278,7861,12.19614439,12.94150795,16.00349311,4762.65995,6701221,11938,18300
Azerbaijan,Euro,32.6,clust,3.45E-04,0,120.2343172,35.98206744,12.41966824,4612.313512,55.3578,7.11,559.812,4.7,0.04,28564.595,10110116,0.126709941,0.453390978,0.02558433,230535,3152,10.37851719,12.34815797,16.12904706,25664.38012,5171453,57008,53500
Bahamas,Amer,32.8,clust,0.011330111,0,38.52547453,110.0077478,25.40345449,32841.51708,82.932,13.17,235.954,2.9,0.06,24474.85833,393248,-1.393667067,0.387998813,0.049519435,8289,176,10.30854474,9.022684614,12.88219574,26071.65967,157898,1003,1060
Bahrain,EMed,32.9,clust,1.74E-04,0,2017.2737,5.931829167,27.91451058,23296.12435,89.1912,16.52,151.689,2,0.04,30525.3725,1701583,0.381020497,0.021395209,0.042897094,108049,383,12.63582598,11.59034011,14.34706955,4966.129188,1181575,666,3920
Bangladesh,SEAs,27.9,comm,5.37E-05,4.98E-04,1239.579312,193.0744926,25.3337391,1553.615589,35.8572,8.38,298.003,0.8,0.03,4838.524,164689383,4.716578447,-0.566803353,0.452174759,538378,8221,8.477455401,13.19631619,18.91957173,36435.18861,73212792,140764,413000
Barbados,Amer,39.5,comm,0.00522789,0,666.6069767,186.4684396,26.70339359,17342.02081,31.1812,13.57,170.05,5.8,0.03,10438.53625,287371,-1.594388606,0.271397296,0.05007351,1709,18,11.09829711,7.443663683,12.56852934,19986.96389,158049,-356,553
Belarus,Euro,40.9,comm,0.001883456,0,46.71950379,52.53906904,7.362349006,5945.370122,78.123,5.18,443.129,11,0.07,40839.10625,9398861,-0.542221057,0.16349256,0,258113,1782,10.12635987,12.46115275,16.05609907,10468.00055,4710756,48893,85600
Belgium,Euro,41.6,comm,0.002212431,0,377.3795905,72.66912532,10.57346205,44234.45458,97.9596,4.29,114.898,5.64,0.12,62592.925,11555997,0.330570232,-0.27130833,0,724375,21361,11.88366929,13.49306449,16.26271508,10207.45972,8938993,17918,32800
Belize,Amer,23.9,comm,0.006787961,3.88E-04,16.79399386,174.3321341,25.63707083,4836.366928,45.6184,17.11,176.957,1.3,0.04,21896.65857,397621,-0.469557189,0.343095199,0.090996773,12037,306,10.69997716,9.395740518,12.89325457,27588.64615,230964,697,982
Benin,Afri,17,comm,0.005729919,0.32736205,101.8539198,87.34315218,27.88625321,1152.188106,46.773,0.99,235.848,0.5,0.02,1651.914,12123198,0.379867166,-1.400845744,0.292595101,4193,55,8.288196796,8.341171747,16.31063137,234349.6258,1703504,11853,8250
Bermuda,Amer,43.6,spor,0.002899534,0,1183.703683,82.59121766,12.25373468,110164.5579,100,13,139.547,2.4,0.07,30429.825,63903,-1.696838228,0.030016667,0.038858921,710,12,11.61410649,6.56526497,11.06512159,12711.09839,47183,,145
Bhutan,SEAs,29.1,clust,9.93E-04,9.31E-04,19.77752777,159.6253066,12.25373468,3105.89273,40.156,9.75,217.066,1.7,0.03,4826.895,771612,3.422429525,-0.631626884,0.285967099,861,1,11.41074538,6.758094504,13.55623711,35910.23868,852383,-397,108
Bolivia (Plurinational State of),Amer,25.3,comm,0.001441466,0.001358619,10.48014585,91.00180651,20.90170128,3312.882825,69.0818,6.89,204.299,1.1,0.02,27434.62167,11673029,-0.628968355,0.151726434,0.075692805,227967,10796,9.217855463,12.33695616,16.27279152,45193.11971,5543107,88030,161000
Bosnia and Herzegovina,Euro,43.3,comm,4.18E-05,0,64.92048828,90.6193324,10.48909301,5459.449478,47.8876,10.08,329.635,3.5,0.08,59660.32286,3280815,0.225832083,0.280975716,0,124101,4813,10.2522575,11.72885103,15.00360243,7240.483569,912426,15716,20900
Botswana,Afri,25.7,comm,0.157515946,8.07E-04,3.977424876,31.47796862,22.29560192,7635.579977,68.6812,4.81,237.372,1.8,0.02,9062.594286,2351625,-2.09129516,-1.35867793,0.192318483,24435,179,7.140637654,10.10377181,14.67061714,196815.8257,1150613,7413,17200
Brazil,Amer,33.2,comm,0.004276361,7.26E-04,25.06171624,147.6897981,25.50485192,9033.580888,86.3028,8.11,177.961,2.2,0.03,13421.78625,212559409,-1.93665368,0.226870982,0.09845996,9524640,231535,5.478490784,16.06939268,19.17473208,22682.09223,166143542,681267,792000
British Virgin Islands,Amer,37.2,clust,0.001329502,0,198.68,189.548471,27.16824263,65051.14194,47.3432,8.11,317.84,3.7,0.04,17891.73,30237,-0.199758271,1.284109618,0.023342331,141,1,11.20972944,4.94875989,10.31682162,71543028.48,7330,,
Brunei Darussalam,WPac,31.1,spor,2.66E-04,0,81.39696395,272.6018391,25.71679615,29921.92243,77.3072,12.79,201.285,2.7,0.03,5399.56,437483,-0.146228295,0.282976218,0,182,3,11.26290608,5.204006687,12.98879313,11251.54809,407479,-110,132
Bulgaria,Euro,43.7,clust,0.004212876,0.31023491,64.71109985,52.67103913,11.28779103,8438.950271,74.6686,5.81,424.688,7.454,0.07,36623.05571,6927288,1.388516556,0.049284752,0.2242737,224164,9391,10.47843971,12.32013321,15.75097895,10897.80677,1957650,57494,82500
Burkina Faso,Afri,17.9,comm,0.0073639,0.353547631,72.19128289,66.58027099,28.69861186,735.3127105,28.749,2.42,269.048,0.4,0.02,838.2216667,20903278,0.331726631,-1.338295186,0.385961408,11309,134,9.344253242,9.333354148,16.85541655,319039.6494,1037977,22160,21400
Burundi,Afri,17.7,comm,0.016703432,0.28462141,435.178271,103.0768135,20.88023718,282.7480102,12.714,6.05,293.068,0.8,0.02,1241.16,11890781,-0.066581752,1.916137749,0.304877048,1730,3,8.408997549,7.455876687,16.29127395,206787.0332,4724,9337,4310
Cabo Verde,Afri,26.8,comm,0.005222856,0.002623379,134.9297767,28.93012,23.42969808,3337.546481,65.2544,2.42,182.219,2.1,0.03,14756.9275,555988,-0.295102057,-0.087703336,0.087880715,14451,136,9.936653143,9.578518895,13.22850199,34955.29447,311481,927,17500
Cameroon,Afri,18.5,comm,0.020951069,0.211546577,53.34398891,131.5150435,24.93106635,1431.776971,55.7752,7.2,244.661,1.3,0.02,1477.942,26545864,-0.010477506,-0.452246826,0.21340247,31394,474,6.261611906,10.35437207,17.09438451,242885.7029,834113,35322,41300
Canada,Amer,41.8,comm,0.002690069,0,4.075188239,38.67237853,-5.963873782,44712.88921,81.3604,7.37,105.599,2.5,0.13,31135.8875,38005238,0.213203474,-0.118715061,0,809866,20912,11.62363159,13.60462408,17.45323455,6850.187756,31690376,22019,43700
Central African Republic,Afri,20,comm,0.021881786,0.262438797,7.490412212,113.5673233,25.40206346,434.8751176,41.0018,6.1,435.727,1,0.02,785.2728571,4829764,-0.366639199,1.25095245,0.386291405,4989,63,8.160857618,8.514990768,15.39030816,487146.796,456736,6246,14100
Chad,Afri,16.1,comm,0.008418957,0.08796556,12.29173364,28.75294837,27.55332756,714.2214925,22.8776,6.1,280.995,0.1,0.02,3372.287143,16425859,2.129083959,-0.969408307,0.460207421,3508,125,8.160857618,8.162801353,16.61436742,389912.2738,223451,19249,15200
Chile,Amer,35.5,comm,0.003237307,0,25.18944607,50.72814519,8.454477692,14629.67689,87.4958,8.46,127.993,2.11,0.02,26737.578,19116209,-0.623370833,0.051133801,0.046006639,755350,19056,11.33715233,13.5349365,16.76604717,9455.628634,17277371,38695,37200
China,WPac,38.4,clust,4.05E-04,4.95E-07,148.3488333,48.27837978,7.039331891,9066.535078,57.9312,9.74,261.899,4.34,0.06,1049.695,1409593800,-0.215434982,0.701707365,0.093781299,97107,4623,5.157283616,11.48356874,21.06656741,8698.452079,654947289,-51932,17900
Colombia,Amer,31.2,comm,0.002264601,0.002271523,44.75985219,221.0699689,24.73434872,6313.789701,80.44,7.44,124.24,1.71,0.03,22654.01714,50882884,-0.478576373,0.204126919,0.171429395,2157215,55993,10.49963966,14.5843286,17.74503716,13448.35055,37665541,164744,179000
Comoros,Afri,20.9,comm,1.73E-04,0.027963177,447.2444775,133.4617955,25.72138397,1325.11545,28.8004,11.88,261.516,2.2,0.01,3113.51,869595,-1.077029701,1.895972289,0.153766525,3153,115,10.37046561,8.05610966,13.67578287,82016.1803,318613,723,1480
Congo,Afri,19.5,comm,0.018871743,0.187788963,15.35684627,133.606601,24.84103558,2317.07112,66.4584,7.2,344.094,1.7,0.02,2068.515,5518092,-1.813789929,0.231193358,0.180647895,8060,122,8.64977656,8.994668836,15.52354271,138317.057,608820,4529,11700
Costa Rica,Amer,32.6,comm,0.001510127,0,97.91306306,243.6692138,24.92141442,11827.23277,78.5146,2.42,303.74,1.5,0.03,24989.57,5094114,-0.592948326,0.168852183,0.140972673,196438,2672,7.888248976,12.18810214,15.44359631,9304.361467,3946606,9647,6220
Croatia,Euro,43.9,comm,2.21E-04,0,73.04937455,89.79589846,11.44510413,13509.00583,56.6828,5.59,253.782,5.54,0.09,64468.2325,4047200,0.291071443,0.048601642,0,232421,5150,10.71413802,12.35630566,15.21353584,5973.436618,2250682,17176,22900
Cuba,Amer,42.1,comm,0.002240084,0,108.9995962,112.6315038,25.90257436,8279.459343,76.9898,8.27,190.968,5.2,0.05,14768.43,11326616,-1.430133313,0.135843232,0.059701695,33484,240,10.37851719,10.41882299,16.24266591,16001.66653,10643164,18160,26600
Cyprus,Euro,37.9,clust,1.55E-04,0,128.7083333,37.82776529,19.47115897,26150.60121,66.8556,9.24,141.171,3.4,0.05,27193.51167,1207361,0.348204756,-0.260938523,0,31864,214,12.803473,10.36923212,14.00394754,4907.588647,642291,1009,809
Czechia,Euro,43.3,comm,1.64E-04,0,137.6577053,56.57416423,8.756214455,20790.31403,73.687,6.82,227.485,6.63,0.1,39675.89667,10698896,0.483850339,0.063689178,0,1044148,17480,11.53224652,13.8587118,16.18565112,8658.342438,6824748,37039,49100
Democratic Republic of the Congo,Afri,16.7,comm,0.004399102,0.251714316,37.08259236,122.1602333,24.53754904,514.6982648,43.8866,6.1,318.949,0.9,0.02,1323.811667,89561404,0.687991174,-0.036189589,0.481410369,23670,681,5.873179198,10.0719637,18.31043503,176985.0677,239641,117758,98700
Denmark,Euro,42,comm,0.001194471,0,137.9765658,61.73003987,8.678213269,57459.56645,87.7586,6.41,114.767,2.5,0.09,49180.47833,5831404,0.194296065,-0.265775665,0,203418,2231,12.93853476,12.22301825,15.57876835,8394.856674,4718862,3716,10400
Djibouti,EMed,24.9,clust,0.01162396,0.013112981,41.36842105,21.71606471,28.26240865,2986.47475,77.657,6.05,258.037,1.4,0.02,569.29,988002,-0.468723373,0.099842568,0.082306366,5950,63,10.49963966,8.691146499,13.80344,154396.3157,100828,1767,3850
Dominican Republic,Amer,27.9,comm,0.005676965,2.15E-05,219.9785759,121.4442597,24.48336154,7628.896587,80.2362,8.2,266.653,1.6,0.05,18969.895,10847904,-1.153620177,-0.586035967,0.232007656,224119,2843,9.673947776,12.31993244,16.19948244,28896.939,30589,11873,20800
Ecuador,Amer,28.8,comm,0.002364769,0.00156621,68.78868175,185.949474,21.70914423,6175.569094,63.6818,5.55,140.448,1.5,0.02,36079.345,17643060,-0.090905804,-0.067297557,0.145584463,258607,15013,9.152700878,12.46306481,16.68585306,22398.24566,14193279,80868,112000
Egypt,EMed,24.1,clust,4.72E-05,0,98.87346929,2.485025064,23.05570769,3016.685489,42.7312,17.31,525.432,1.6,0.04,22147.517,102334403,0.259084566,0.717658701,0.077927977,170207,9699,8.795161387,12.04477062,18.44375647,23600.27888,33916219,251102,265000
El Salvador,Amer,27.7,comm,0.003484775,9.86E-05,309.8814672,151.2771268,24.37199647,3935.347657,71.249,8.87,167.295,1.3,0.03,17707.66714,6486201,-0.460586033,0.148281162,0.181022514,56653,1692,10.06135328,10.94470022,15.68518756,21095.58749,4485593,17036,26900
Equatorial Guinea,Afri,20.3,comm,0.051830953,0.336657105,46.66573975,181.8614803,24.89411058,9695.565902,71.634,7.78,202.812,2.1,0.02,2964.972,1402985,-1.098483962,0.20993749,0.141767573,5614,87,10.87285735,8.633018757,14.15411267,174097.1713,244627,1719,2770
Eritrea,Afri,20.3,comm,0.003884645,0.012100602,47.11922029,22.56127292,26.94000224,2217.936761,36.0204,6.05,311.11,0.7,0.03,3387.966667,3546421,-0.172191448,-0.54246625,0.23459777,2326,7,5.157283616,7.751905333,15.08144948,268563.1965,,2413,7210
Estonia,Euro,43.7,clust,0.002565861,0,30.41124914,55.74426596,6.166056154,20662.39145,68.7254,4.02,255.569,4.69,0.06,33141.65,1331057,-0.475305171,0.088746492,0,48975,476,11.66691035,10.79906524,14.10148392,9674.602793,841788,3374,5630
Eswatini,Afri,23.7,comm,0.195835479,6.09E-04,66.05761628,66.01406798,20.46310801,3804.169904,23.6328,3.94,333.436,2.1,0.02,3282.728333,1160164,-1.542354255,-0.706009317,0.214860633,16234,607,9.9156899,9.694863087,13.96407193,264993.5594,344055,3820,13600
Ethiopia,Afri,19.8,comm,0.007571648,0.042854424,109.224559,67.66684324,23.15304776,750.6946936,20.3184,7.47,182.634,0.3,0.01,1662.075,114963583,-0.246328993,-2.376911815,0.506245239,142994,2156,8.223989503,11.87055795,18.56012597,114644.7167,9010055,103496,208000
Fiji,WPac,29.9,spor,5.39E-04,0,48.35703339,239.7889574,24.32588622,5927.294145,55.7402,14.49,412.82,2.3,0.01,10043.65,896444,-0.744269523,3.845693987,0.195712782,56,2,8.57046852,4.025351691,13.7061911,32122.38887,662906,-117,1480
Finland,Euro,42.8,comm,2.60E-04,0,18.14854727,46.89010253,2.402187596,46343.86227,85.3306,5.76,153.507,3.28,0.06,32310.1125,5530719,0.348320459,-0.277862446,0,47882,700,11.53224652,10.77649493,15.52582838,4171.895884,4290682,2857,8780
France,Euro,41.7,comm,0.001652556,0,47.11922029,70.20377468,11.54132609,38922.54789,80.181,4.77,86.06,5.98,0.12,68067.8575,67391582,0.363911302,-0.280619088,0,3392407,81580,12.764178,15.03705026,18.02603067,6622.599648,53146454,81850,155000
Gabon,Afri,21,comm,0.028935847,0.185191235,8.224764233,151.18125,25.29725769,7464.6409,88.9528,7.2,259.967,6.3,0.02,3064.195,2225728,-2.833454587,-1.650083747,0.310369676,11836,71,9.406449689,9.378901014,14.61559461,85486.74887,245394,1602,3980
Gambia,Afri,21.8,comm,0.011759807,0.026574461,225.3065217,82.3163075,27.97866699,708.3577634,60.5892,1.91,331.43,1.1,0.02,9713.196667,2416664,0.200068532,-1.271793638,0.240034746,4302,135,7.509593315,8.36683531,14.69789863,109080.5972,264762,2904,6340
Georgia,Euro,38.6,comm,0.001288523,0,65.19733021,78.6664891,6.957606122,4370.769825,58.2374,7.11,496.218,2.6,0.04,23537.6875,3714000,0.041312365,0.392868875,0.022883053,244912,3078,10.37046561,12.40865424,15.12762002,12044.50377,1353959,24465,15800
Germany,Euro,47.8,comm,9.91E-04,0,237.3075967,60.1511108,9.429345385,44400.56462,77.2746,8.31,156.139,8,0.12,63751.525,83240525,-0.005944083,-0.262751898,0,2277059,61753,9.521152618,14.63839526,18.23724487,7409.216793,62716595,122432,203000
Ghana,Afri,21.4,comm,0.010017413,0.192118039,130.8214292,96.05532394,27.62778301,2021.120124,55.4018,4.97,298.245,0.9,0.02,1779.394,31072945,-0.642326023,-0.91594077,0.300322829,71533,464,8.64977656,11.17791416,17.25184806,144710.2371,5935200,20907,35900
Greece,Euro,45.3,comm,4.47E-04,0,83.26518231,53.54714327,14.30444054,19024.2586,78.7206,4.55,175.695,4.21,0.06,28167.87714,10715549,0.466160194,-0.249894352,0,169193,6165,11.21113065,12.03879535,16.18720642,9089.525335,7437004,14834866,25400
Grenada,Amer,33.3,spor,0.00251472,0,327.8058824,128.8380674,27.16824263,10034.52604,36.1802,10.71,243.964,3.7,0.03,14126.20333,112519,-1.121003175,0.389315413,0.067308521,148,1,7.888248976,4.997212274,11.63087738,17700.38985,41536,19394,255
Guam,WPac,29.4,clust,7.14E-04,0,306.9777778,40.40741638,25.56950256,35542.53265,94.6978,10.18,155.898,0.6,0.03,1977.458,168783,-0.913860796,0.744660567,0.068915283,7457,130,9.01841129,8.916908468,12.03636915,19267.50352,,-267,333
Guatemala,Amer,23.2,comm,0.001740349,0.001598859,152.5471258,220.1783569,23.93217083,4342.453438,50.6926,6,176.957,1.5,0.04,17997.35667,16858333,0.381499749,0.170383932,0.258682642,153613,5573,10.25493147,11.94219173,16.64035563,42935.71966,6511558,49396,51100
Guinea,Afri,19.1,comm,0.01003892,0.305306526,50.52221227,140.5542882,26.19758013,839.7120501,35.8068,2.42,336.717,0.3,0.02,1036.687143,13132792,0.969204515,-0.623913728,0.335523173,14743,84,8.545386401,9.598523673,16.39062287,264537.5514,1928976,12530,26700
Guinea-Bissau,Afri,18,comm,0.016864644,0.026412745,66.65394737,128.0463331,27.48197981,695.8105251,42.9476,2.42,382.474,0.8,0.02,6220.946,1967998,0.820489344,-1.708538434,0.526265826,2780,46,8.160857618,7.930206207,14.49252734,193953.7161,386166,2841,4350
Guyana,Amer,27.5,clust,0.012610219,0.014096154,3.957348235,197.276783,26.05163301,6053.713492,26.5512,11.62,373.159,1.6,0.02,14377.71667,786559,-0.505433376,5.696972218,0.288769282,7982,180,8.57046852,8.984944286,13.57542301,41116.29831,410787,2811,2690
Haiti,Amer,24.1,comm,0.01381867,0.001683191,403.5985486,116.9728216,25.13607564,1331.437916,54.3278,6.65,430.548,0.7,0.05,18586.434,11402533,0.732158582,0.672562823,0.269219381,11908,246,6.054366574,9.384965722,16.24934608,124247.0397,125111,9609,27900
Honduras,Amer,45.6,comm,9.91E-04,0.001268716,85.68703191,160.9768376,24.01401122,2435.840574,56.4522,7.21,240.208,0.7,0.04,9712.614,9904608,0.646423747,0.295625227,0.309260597,154568,3721,10.37851719,11.94838941,16.10851066,23055.45112,4893549,22662,55400
Hungary,Euro,43.6,comm,2.23E-04,0,107.9814868,52.13354734,10.8767866,14709.05221,71.0672,7.55,278.296,7.02,0.09,58919.55857,9749763,0.524341054,0.144342341,0,382239,13372,10.87285735,12.85380135,16.09275353,6992.970474,6135182,36497,53800
Iceland,Euro,37.1,comm,5.99E-04,0,3.518413965,92.33924551,2.307253397,65051.14194,93.7752,5.31,117.992,2.91,0.04,31932.41125,366425,0.364448954,-0.299361662,0,6464,31,12.06345053,8.7740036,12.81154914,5827.37525,283281,-11,-314
India,SEAs,28.7,clust,0.001345282,0.004438405,454.9380726,86.6361734,24.56394071,1885.05656,33.6122,10.39,282.28,0.53,0.04,12718.76667,1380004385,1.388475629,1.198018325,0.196142869,10847304,155154,10.17272251,16.19942713,21.04535251,58786.64511,841039906,4735940,4070000
Indonesia,SEAs,31.1,comm,0.001160996,0.00302229,147.7521901,239.5649064,26.26064519,3752.321661,54.6542,6.32,342.864,1.04,0.03,3355.014,273523621,0.250667556,1.511026025,0.199324293,1166078,31764,8.085610263,13.96915654,19.42689854,37560.97167,158279815,1028701,736000
Iran (Islamic Republic of),EMed,31.7,comm,3.41E-04,5.19E-05,50.22242012,17.60874276,17.76754189,5307.030804,74.3842,9.59,270.308,1.5,0.04,26210.817,83992953,-0.254738488,0.657499223,0.051639896,1473756,58536,9.443520825,14.2033248,18.24624346,9336.182563,59583574,232153,274000
Iraq,EMed,21.2,comm,6.15E-05,0,88.53057004,14.71366144,22.33393337,5352.312834,70.2888,8.83,218.612,1.4,0.04,25987.09286,40222503,0.426151196,-1.101488225,0.166332678,630263,13126,9.975469738,13.35389247,17.50993717,14691.16547,8498801,66735,183000
Ireland,Euro,37.8,comm,4.87E-04,0,70.65344753,98.02790506,9.64084359,70459.40734,62.9594,3.28,126.459,2.96,0.08,52786.69,4994724,0.421379335,-0.296834492,0,206754,3730,11.71070335,12.23928496,15.42389271,6253.248041,3933300,2922,1170
Israel,Euro,30.4,comm,0.001551045,0,410.4805915,20.33762782,20.26481766,39790.41806,92.338,6.74,93.32,2.99,0.05,29478.4825,9216900,0.626824632,-0.265781767,0,735934,5498,12.37001832,13.50889572,16.03654931,6174.145056,6619753,6177,9280
Italy,Euro,46.5,clust,0.001658128,0,205.4183722,76.35498878,12.62638042,32284.13089,70.1476,4.78,113.151,3.18,0.09,45941.12857,59554023,0.234033786,-0.193201976,0,2604998,90205,11.61410649,14.77294247,17.90239441,5305.577793,48311535,160801,259000
Jamaica,Amer,29.4,comm,0.005839854,0,270.9930748,176.2444825,25.66470417,5151.305334,55.3936,11.28,206.537,1.7,0.04,23094.68333,2961161,-1.422473446,0.266419224,0.067491779,17298,358,8.899861619,9.758346167,14.90109198,15956.1224,717888,3592,6460
Japan,WPac,48.6,clust,3.72E-04,0,347.0734584,136.2051696,11.33879721,38215.82057,91.5374,5.72,79.37,13.05,0.05,18308.0725,125836021,0.06637463,0.236105488,0,404706,6443,9.100605413,12.91091616,18.6504902,12841.92538,101209896,-19471,111000
Jordan,EMed,23.5,comm,5.61E-05,0,112.1424983,8.38079609,19.44318571,4258.55369,90.7382,11.75,208.257,1.4,0.04,25971.64667,10203140,0.982448295,-0.626745919,0.06052926,336839,4385,11.00524831,12.72736035,16.13820607,11067.62519,4340969,11929,27000
Kazakhstan,Euro,31.6,clust,9.70E-04,0,6.769825721,21.77255298,6.810408141,9419.637369,57.3518,7.11,466.792,6.7,0.03,20237.02143,18754440,0.302767952,0.267807899,0.021315538,245060,3181,11.21440814,12.40925836,16.74694108,16259.10406,8963134,76215,49000
Kenya,Afri,20,comm,0.034597479,0.070197799,90.29941666,54.80080484,25.11858814,1568.856027,26.5724,2.92,218.637,1.4,0.02,1077.873333,53771300,-1.576060455,-1.153628846,0.28958433,101944,1786,7.205650766,11.53217892,17.80025043,138909.0178,6028513,12351,171000
Kuwait,EMed,29.7,comm,7.06E-05,0,232.1723906,9.824115962,26.08960545,30655.37261,100,15.84,132.235,2,0.04,26840.1475,4270563,0.179557313,-0.080785648,0,171994,969,11.26290608,12.05521487,15.26725623,7095.553202,3223951,4240,3560
Kyrgyzstan,Euro,27.3,clust,0.001009872,0,32.96558916,33.85907856,3.137479615,1220.41043,36.1596,7.11,436.362,4.5,0.03,8831.223333,6591600,0.675121883,0.314701705,0.051840024,86051,1448,9.217855463,11.36269542,15.70130667,18328.03262,1223890,12313,22600
Latvia,Euro,44.4,comm,0.002072614,0,30.99347057,55.69609228,6.696891314,15891.95885,68.088,4.91,350.06,5.57,0.04,47832.895,1901548,-0.593493696,0.203297573,0,72675,1358,11.67938469,11.19375273,14.45817885,12617.88598,1311542,7668,12400
Lebanon,EMed,33.7,comm,2.46E-04,0,669.4941349,44.97702968,16.5730676,7736.823285,88.4304,12.71,266.591,2.9,0.07,34376.26333,6825442,0.655866455,-0.150110306,0.054494345,321980,3677,9.936653143,12.68224471,15.73616766,9481.862004,2156023,18520,36100
Lesotho,Afri,24.7,comm,0.187166476,0,69.43781291,60.71625439,13.46854051,1137.160768,27.7386,3.94,405.126,2.3,0.05,8549.048333,2142252,-1.804651928,0.62134963,0.08382215,9380,183,10.19479284,9.146335042,14.57736817,413845.5858,756707,3982,17800
Liberia,Afri,18,comm,0.008011503,0.378951646,50.03090739,207.2174294,25.71297404,684.5848293,50.7074,2.42,272.509,0.8,0.02,11448.985,5057677,0.471939765,-1.764510996,0.67895462,1956,84,8.288196796,7.578656851,15.43641784,181875.7834,886105,4043,7970
Libya,EMed,25.8,comm,2.27E-04,0,3.795632381,3.409302308,22.80773782,5938.576684,79.8244,10.43,341.862,3.7,0.05,11691.36,6871287,-0.229301298,-1.432721924,0.183405972,124882,1974,10.73844748,11.73512457,15.74286198,10768.03882,1861596,7861,36700
Lithuania,Euro,44.5,comm,7.01E-04,0,44.72307577,55.26462994,7.280419231,16983.96583,67.5292,3.67,342.989,6.56,0.07,42089.57,2794700,-0.60432952,0.230729869,0,192406,3051,11.83412605,12.167363,14.84323532,11481.11886,1918362,17255,20000
Luxembourg,Euro,39.5,comm,9.57E-04,0,250.1851852,78.70049942,9.932402372,108928.1788,90.714,4.42,128.275,4.51,0.12,52147.658,632275,0.342641618,-0.274749426,0,52401,603,13.30688646,10.86668095,13.35707971,5810.748949,463104,69,1070
Madagascar,Afri,20.3,comm,0.001636081,0.059851213,45.13985562,117.923334,22.64507981,501.8687864,36.5246,3.94,405.994,0.2,0.01,7105.9,27691019,-0.431778957,-0.187504635,0.227291461,19360,285,5.873179198,9.870964361,17.13661869,153454.1521,757513,25582,65100
Malawi,Afri,16.8,comm,0.056862955,0.156542486,192.4407616,83.09760022,22.48867981,369.1806521,16.7288,3.94,227.349,1.3,0.02,2162.332,19129955,-0.574022678,-0.151687921,0.142901501,27422,874,6.261611906,10.21910089,16.76676599,170507.1736,1482695,17113,54900
Malaysia,WPac,29.2,clust,0.001896133,9.89E-04,95.96282149,259.0780455,25.78142756,10564.76518,75.4286,16.74,260.942,1.9,0.04,2853.082,32365998,-0.133715538,0.889808218,0.120156728,245552,896,10.28365923,12.41126402,17.29261899,28095.00288,26037689,7533,48100
Maldives,SEAs,29.5,clust,3.41E-05,0,1718.986667,197.0833333,28.29134615,9744.751201,39.3818,9.19,164.905,1.6,0.02,9217.717143,540542,0.248500159,0.520282246,0.148280108,16909,55,11.91346508,9.735601304,13.20032762,9912.96322,399352,246,296
Mali,Afri,16,comm,0.005183012,0.11983914,15.63501586,26.59095843,28.88349519,827.2043904,41.5676,2.42,268.024,0.1,0.02,1615.16,20250834,1.688970564,-0.322946376,0.33127419,8181,339,5.157283616,9.009569672,16.82370654,290666.8312,879943,27311,33500
Malta,Euro,42.3,clust,9.74E-04,0,1514.46875,35.1589416,19.50353654,27777.82338,94.546,8.83,168.711,4.485,0.06,25222.942,525285,0.268381653,-0.245152549,0,22621,338,12.55357766,10.02663396,13.17169625,6550.370837,434459,477,735
Mauritania,Afri,21,comm,3.10E-04,0.078398193,4.272163578,8.235993237,28.41635737,1583.872509,52.8108,2.42,232.347,1.5,0.02,8701.74,4649660,0.369118897,-0.611223841,0.19817185,16777,425,7.357211116,9.72776418,15.35230466,79910.13222,1153956,6948,7990
Mauritius,Afri,36.3,clust,0.002730689,0,623.3019704,146.2398337,23.26766859,10346.91167,40.862,22.02,224.644,3.4,0.01,11100.93,1265740,-2.213059569,-3.572869939,0.477245151,581,10,10.04352363,6.364750757,14.05116749,17090.22278,938389,942,659
Mexico,Amer,29.3,comm,0.001864806,7.07E-05,64.91462641,62.21506167,21.18582436,9456.311625,79.8658,13.06,152.783,1.38,0.05,30049.3025,128932753,0.294190611,0.419741157,0.172307903,1932145,166199,8.793738581,14.47414134,18.67480153,14245.64678,81917674,626217,16500
Monaco,Euro,55.4,spor,7.71E-04,0,377.3795905,82.59121766,10.44399147,172346.5606,100,5.46,117.992,13.8,0.07,66576.06667,39244,0.256289926,-0.31058565,0.004945046,1665,20,12.19614439,7.417580402,10.57755385,10303.54857,20612,64,53
Mongolia,WPac,29.8,clust,1.31E-04,0,2.040608667,18.56879849,0.598240897,3944.595588,68.3756,4.82,460.043,7,0.03,8645.224,3278292,0.481848277,0.460117291,0.066412728,2073,2,10.73844748,7.636752112,15.00283311,26650.31413,2267614,4,5600
Montenegro,Euro,39.6,clust,1.48E-04,0,46.26223048,97.15418157,9.60922609,7816.462374,66.4774,10.08,387.305,3.861,0.06,43050.2625,621718,0.384668942,0.148788685,0,64993,830,10.47843971,11.08203485,13.34024189,5939.589399,283880,3910,4080
Morocco,EMed,29.1,clust,3.87E-04,0,80.72851893,24.8487001,18.18983186,3046.919776,61.9048,7.14,419.146,1.1,0.05,33943.204,36910558,0.801744765,-0.066659423,0.131796684,475589,8408,10.19479284,13.07230931,17.42400819,19657.27992,22524199,34748,157000
Mozambique,Afri,17,comm,0.082107374,0.261951596,37.50853531,79.08165138,24.28181827,497.418022,35.4594,3.3,329.942,0.7,0.02,4416.618,31255435,0.477685513,0.435917923,0.355003974,44912,465,7.652652525,10.7124603,17.25770384,286033.9029,8574420,42731,78100
Myanmar,SEAs,29.2,clust,0.004058341,0.001201087,82.23861548,165.9868137,23.24888718,1334.302001,30.3386,4.61,202.104,0.9,0.03,1614.794,54409794,0.977880818,1.304979651,0.297578599,141427,3177,8.275890252,11.85953896,17.81205473,55267.89927,20502759,44188,101000
Namibia,Afri,21.8,comm,0.089044975,0.028714748,2.973745582,22.70167426,20.99635385,5029.733195,48.988,3.94,243.811,3.7,0.02,14333.93,2540916,-2.423270395,-3.408907626,0.433601336,35070,375,9.831213859,10.46510134,14.7480352,151054.8458,398808,7753,18000
Nepal,SEAs,25.3,clust,9.41E-04,7.07E-04,195.9391071,105.2775371,12.62225128,918.169432,19.3456,7.26,260.797,0.3,0.03,4875.435,29136808,3.492516618,-0.171658633,0.419474283,272055,2045,9.56059667,12.51375953,17.18751281,52622.97607,13417146,32513,
Netherlands,Euro,42.8,comm,0.001301349,0,511.4759276,66.78641099,10.3164016,49046.83126,91.0502,5.29,109.361,3.32,0.12,46346.14333,17441139,0.057509553,-0.295953897,0,1025998,14686,9.181345453,13.84117636,16.67434228,6876.210487,12596601,29212,45500
New Zealand,WPac,37.2,clust,6.13E-04,0,18.38517337,142.9639449,10.02285788,41321.06377,86.472,8.08,128.797,2.61,0.02,12768.79167,5084300,0.34021788,-0.031065248,0,2073,26,10.98967293,7.636752112,15.44166792,4683.939093,3969172,-2677,-872
Nicaragua,Amer,27.3,comm,0.002356232,0.003768842,53.72704836,189.548471,25.23340064,2050.007191,58.3132,11.47,137.016,0.9,0.03,28910.148,6624554,0.084780367,0.008495272,0.218564547,5027,170,8.814483011,8.522578664,15.70629361,19184.42632,4861033,12095,33400
Niger,Afri,14.8,comm,0.001714547,0.255381601,17.71765059,14.73404801,27.8633484,525.3280062,16.3658,2.42,238.339,0.3,0.02,3264.682857,24206636,1.567150895,-0.152162451,0.271023549,4621,166,7.652652525,8.438366411,17.00213737,359763.9182,1147619,34339,18100
Nigeria,Afri,18.6,comm,0.009325619,0.195334405,215.064989,95.58444308,27.27292564,2217.936761,49.5082,2.42,181.013,1,0.02,2019.528333,206139587,0.245560957,-1.356086692,0.383798018,140391,1674,6.295448642,11.85218667,19.1440641,284283.4213,9828209,186434,163000
North Macedonia,Euro,39.5,comm,5.54E-05,0,82.59151467,55.35752545,10.51739888,5502.298984,57.778,10.08,322.688,4.28,0.07,48305.054,2083380,0.292933027,0.259177684,0,94871,2946,10.69997716,11.46027335,14.54950213,6956.974921,843803,15357,20200
Northern Mariana Islands (Commonwealth of the),WPac,32.8,spor,3.46E-04,0,123.6565217,566.3958622,27.73741699,22625.3029,91.5312,11.62,114.316,5.2,0.04,425.6,57557,-1.147754897,0.678620505,0.068996417,133,2,10.98967293,4.890349128,10.96053104,13938.71557,,,31
Norway,Euro,39.5,clust,6.80E-04,0,14.54829163,90.33627981,1.726859776,75493.11057,81.8622,5.31,114.316,3.6,0.07,39427.77667,5379475,0.415331495,-0.272293048,0,64273,578,11.71389894,11.07089492,15.49810134,7273.683969,4290862,-101,742
"occupied Palestinian territory, including east Jerusalem",EMed,18,comm,4.12E-05,0,124.0234822,20.33762782,20.26481766,3495.614894,75.8988,10.59,265.91,1.71,0.04,38768.585,4803269,1.175800789,-0.395873275,0.128189225,173225,1957,10.2522575,12.06234661,15.38480729,9530.582295,1873662,,
Oman,EMed,26.2,comm,6.11E-04,0,15.6041454,6.906469167,26.04229615,15528.42193,83.4784,12.61,266.342,1.6,0.04,15428.09667,5106622,0.803484959,-0.154544082,0.063723355,135990,1535,11.09829711,11.82033663,15.44604869,9410.723412,3127356,11500,12300
Pakistan,EMed,22,comm,3.49E-04,0.005727898,275.2893187,26.13547042,20.47787865,1391.424619,36.455,8.35,423.031,0.6,0.03,10705.73333,220892331,2.966213018,-0.09371639,0.253859338,555511,12025,8.795161387,13.22764369,19.21318595,91157.50637,95168256,230440,12600
Panama,Amer,30.1,comm,0.005351531,0.001318714,56.18607748,210.8381772,25.56950256,14889.64139,67.3712,8.33,128.346,2.3,0.03,20443.122,4314768,-0.563862284,0.196110165,0.136182275,327091,5480,11.11585577,12.6979937,15.27755412,21425.48152,3126231,7643,10200
Papua New Guinea,WPac,24,comm,0.009338012,0.041158527,19.00436338,256.4114731,25.21211859,2702.954647,13.1166,17.65,561.494,1.1,0.01,9478.301667,8947027,0.949205329,4.030509579,0.481938428,900,9,7.509593315,6.802394763,16.00683186,154280.8398,285486,761,15600
Paraguay,Amer,29.7,comm,0.00241368,0,17.50835892,96.10503349,23.65548429,5525.43392,61.308,8.27,199.128,1.3,0.02,32142.656,7132530,-1.127426123,0.381488197,0.083919909,138118,2826,9.801190728,11.83586367,15.78017657,20973.77698,3468467,19817,22500
Peru,Amer,29.1,comm,0.00257009,0.003222397,24.99160625,130.1063933,19.75511154,6612.707723,77.7244,5.95,85.755,1.6,0.02,20829.42,32971846,-0.908374473,-0.058372402,0.063015668,1186698,42308,9.419166151,13.98668522,17.3111646,28148.44599,24826812,289668,349000
Philippines,WPac,24.1,comm,0.002679448,1.17E-04,357.6883053,210.877417,25.91275321,3187.020952,46.6994,7.07,370.437,1,0.03,8428.891667,109581085,0.780014916,1.577548988,0.276344967,538995,11231,9.519946717,13.19746157,18.51217534,51415.10955,60000761,185253,184000
Poland,Euro,41.9,comm,4.29E-04,0,124.0234822,50.62085638,8.667609712,14010.32121,60.1312,5.91,227.331,6.62,0.08,61647.616,37950802,0.400463913,0.224388385,0,1560970,39468,10.70679799,14.26081798,17.45180119,9276.78746,21625831,157531,214000
Portugal,Euro,44.6,clust,0.003869877,0,112.2619412,69.05979978,15.47696051,21505.16212,64.6454,9.85,127.842,3.39,0.06,28556.26667,10305564,0.221703661,-0.239879058,0,776117,14507,11.82352987,13.56205856,16.1481945,14747.31594,9414150,20447,40400
Puerto Rico,Amer,43.6,comm,0.002364417,0,360.0173619,181.7696521,25.59597179,31199.00344,93.5934,11.62,156.139,2.4,0.08,10990.285,3194034,-2.171085435,-0.91494094,0.091175938,107360,2108,9.100605413,11.58394295,14.97679525,15924.33466,,,6000
Qatar,EMed,33.7,comm,5.48E-05,0,239.5931955,5.061756859,27.9660516,61464.64005,99.0722,16.52,176.69,1.2,0.05,25011.384,2881060,0.585478183,-0.053354804,0.038758567,154525,251,11.59514281,11.94811117,14.87366884,4316.175637,2431704,1539,1560
Republic of Korea,WPac,43.2,clust,5.87E-04,1.57E-04,529.3585013,101.9648503,8.851511522,30981.42147,81.5176,6.8,85.998,12.27,0.05,11491.08143,51780579,-0.409622671,0.231973115,0.033970071,82300,1497,9.903245623,11.31812639,17.76252571,8505.793991,43820516,6288,4630
Republic of Moldova,Euro,37.7,comm,0.002341127,0,94.26443028,43.53737849,10.38536875,3571.970053,42.5826,5.72,408.502,5.8,0.06,31463.636,2617820,-0.693376271,0.39038542,0,106984,2308,10.12635987,11.58043457,14.77785247,23865.43807,1012891,18158,
Romania,Euro,42.5,comm,7.89E-04,0,84.63380129,55.28317583,9.690750032,10928.99014,53.961,9.74,370.946,6.892,0.07,45182.89714,19286123,0.262898035,0.230086466,0,748517,19009,10.74312672,13.52584919,16.77489638,14786.11324,5941800,106912,119000
Russian Federation,Euro,40.3,clust,0.008151725,0,8.822067953,36.82347051,-5.255762756,10338.81069,74.3052,6.18,431.297,8.05,0.05,8265.46,144104080,-0.554492324,0.283956522,0,3948068,76624,11.77823102,15.1887369,18.78604637,21742.7756,73262585,1072326,1070000
Rwanda,Afri,19.7,comm,0.017032168,0.128716157,498.6598703,102.3400335,20.01248558,774.5226038,17.1418,4.28,191.375,0.7,0.02,455.7416667,12952209,-0.177671077,-1.895610294,0.425628633,16621,223,9.344253242,9.718422235,16.37677691,104613.9497,7611254,5401,21900
Saint Lucia,Amer,36.9,spor,0.002158283,0,298.1786885,205.9907469,26.38101282,10894.49266,18.6234,11.62,204.62,1.3,0.04,11088.4,183629,-1.325034772,0.368287103,0.066492843,2027,19,10.74312672,7.614312146,12.1206727,15370.31401,55980,370,501
Saint Vincent and the Grenadines,Amer,35.3,clust,0.003997978,0,282.5897436,136.433216,27.39501731,7205.562908,51.7866,11.62,252.675,2.6,0.04,10478.9825,110947,-1.200305621,0.460313207,0.070516556,1283,4,10.73844748,7.156956365,11.61680789,24844.03464,25175,494,234
San Marino,Euro,45.2,comm,7.47E-04,0,563.0833333,35.1589416,15.47696051,45220.35838,97.063,5.64,117.992,3.8,0.04,55966.15,33938,0.35596453,-0.312643731,0.005207386,3137,69,11.21113065,8.051022208,10.43229061,6815.931614,24884,171,118
Sao Tome and Principe,Afri,19.3,comm,1.41E-04,0.011155871,219.8208333,177.2261475,23.93371699,1799.777888,71.927,2.42,270.113,2.9,0.02,3123.666667,219161,0.462917853,0.750382114,0.153957458,1355,22,9.936653143,7.211556733,12.2975619,44210.62575,89212,191,235
Saudi Arabia,EMed,30.8,spor,3.08E-04,5.89E-05,15.67665431,5.860535641,25.50970032,21557.94767,83.6224,17.72,259.538,2.7,0.04,26060.16625,34813867,0.229517924,-0.064124466,0.065451946,370634,6406,11.24012569,12.82297033,17.36552634,11506.77433,9423397,17550,32900
Senegal,Afri,19.4,comm,0.00320758,0.024813762,82.34747832,59.56883689,28.63098878,1352.654466,46.7486,2.42,241.219,1.3,0.02,5719.86,16743930,1.415892856,-1.106307024,0.436341354,29057,689,8.408997549,10.2770147,16.63354636,105507.1742,1324897,16504,38600
Serbia,Euro,43.4,comm,2.75E-04,0,79.8376858,63.15389821,11.05039516,6462.192619,55.96,10.08,439.415,5.609,0.08,49712.90333,6908224,0.335944438,0.18744412,0,406572,4106,11.26715992,12.91551631,15.74822314,9756.946354,3306777,55643,37400
Seychelles,Afri,36.8,comm,0.001080556,0,210.3521739,135.9992685,27.40689231,15911.82818,56.2604,10.55,242.648,3.6,0.01,6073.843333,98462,-0.487457938,0.716660337,0.102246404,1577,7,10.04352363,7.363279587,11.49742597,31420.22524,83940,7,116
Sierra Leone,Afri,19.1,comm,0.010028082,0.346189436,105.987171,203.3372919,26.42637981,530.1099384,41.6464,2.42,325.721,0.9,0.02,14744.574,7976985,0.971682344,0.89608296,0.295923152,3789,79,5.873179198,8.239857411,15.89207108,275404.049,736612,7885,7570
Singapore,WPac,35.6,spor,8.67E-04,0,7952.998418,209.6255116,27.80535833,60962.14425,100,10.99,92.243,2.4,0.04,6916.885714,5685807,-0.219463709,0.28900067,0,58041,28,10.30854474,10.96890494,15.55348363,11462.99062,4845662,1475,-1770
Slovakia,Euro,41.8,clust,6.65E-05,0,113.2855865,63.66602628,8.452958686,17809.77652,53.7802,7.29,287.959,5.82,0.09,57117.674,5458827,0.346572889,0.136608474,0,265767,5381,12.79649201,12.49037526,15.51274449,10039.32556,2524649,24320,25400
Slovenia,Euro,44.9,clust,1.38E-04,0,102.9636605,111.9027647,9.677380513,23624.06463,54.2874,7.25,153.493,4.5,0.09,54737.38,2100126,0.412694381,0.011180494,0,176141,3934,11.20433056,12.07904009,14.5575079,6626.587676,1247264,5582,6980
Somalia,EMed,18.5,comm,0.001984269,0.046994458,23.9234769,22.70419026,27.27487115,1077.248251,44.3954,6.05,365.769,0.9,0.02,4812.34,15893219,2.171058239,-1.6685674,0.505192223,4862,134,8.545386401,8.489205155,16.5814031,390704.802,1095408,35461,89000
South Africa,Afri,28,comm,0.14745607,8.26E-04,47.63011978,38.30377356,18.2151142,5903.092181,65.846,5.52,200.38,2.32,0.04,14306.68333,59308690,-3.11750755,0.403529461,0.158768541,1477511,46473,10.25493147,14.20586947,17.8982664,187363.5754,18886968,238671,302000
South Sudan,Afri,18.6,comm,0.012532606,0.167248732,447.2444775,83.87234119,27.82378718,1119.651333,19.3608,10.43,280.775,2.7,0.02,1168.02,11193729,-0.304038551,-0.716669436,0.291662031,4609,65,6.663390645,8.435766193,16.23086427,224814.5739,236776,9166,14700
Spain,Euro,43.9,comm,0.00237485,0,93.67719744,49.68400215,13.90396801,28079.45374,80.0816,7.17,99.403,2.97,0.08,52567.55,47351567,0.592124494,-0.505459157,0,2950613,61578,9.667863505,14.8975235,17.67311047,7066.021824,39674966,103937,162000
Sri Lanka,SEAs,33.7,clust,9.66E-05,0,345.558922,141.0176748,27.25148782,3948.153342,18.4024,10.68,197.093,3.6,0.02,9020.74,21919000,-0.355655686,0.682487824,0.121714538,71894,374,9.406449689,11.18294809,16.9028644,14570.99358,16035250,-8831,12900
Sudan,EMed,18.3,comm,0.002744309,0.038065308,56.93776001,20.71728683,27.77713558,1077.248251,34.3926,15.67,431.388,0.8,0.02,870.2033333,43849269,1.045551043,0.249805153,0.13593625,29851,1835,8.545386401,10.30397362,17.59626861,47212.80332,2953576,37999,83600
Suriname,Amer,31,comm,0.006383747,0.001517985,3.692224359,191.7774798,26.09988301,6422.742487,66.0584,12.54,258.314,3.1,0.02,21285.066,586634,-1.663921427,-0.848680818,0.195791153,8671,161,8.899861619,9.067739403,13.28215639,29181.63158,262401,727,2590
Sweden,Euro,41.1,comm,5.26E-04,0,24.98149812,56.04342372,2.537721731,52701.24611,87.138,4.79,133.982,2.22,0.07,34354.27714,10353442,-0.258081406,0.218071582,0,602862,12420,12.764178,13.30944359,16.15282958,6575.023486,7615799,13439,18100
Switzerland,Euro,42.7,comm,0.002714242,0,215.4653505,127.1149784,6.713588109,81503.13181,73.7728,5.59,99.739,4.53,0.11,57037.58,8636896,0.183956638,-0.28573615,0,531464,8854,11.30684506,13.18339074,15.97155382,5509.302223,5960662,8247,15500
Syrian Arab Republic,EMed,23.5,comm,2.79E-05,0,92.06710777,22.83998221,18.45703471,1334.302001,53.4972,8.83,376.264,1.5,0.05,41451.035,17500657,0.910445968,-0.284889353,0.100637337,14551,958,6.663390645,9.585414999,16.67774898,11386.75818,1317963,7314,27100
Tajikistan,Euro,25.3,spor,5.09E-04,3.20E-05,65.57271417,43.76687981,4.001359519,847.0129108,27.0036,7.11,427.698,4.8,0.03,6960.435,9537642,0.925052678,0.491795625,0.08657904,13714,91,8.64977656,9.526172488,16.07075684,42505.82085,3679634,13009,29400
Thailand,SEAs,39,clust,0.007747411,7.07E-04,135.8972068,130.2134678,26.71120801,6705.882145,49.1966,7.04,109.861,2.1,0.04,2711.196,69799978,-0.708774624,0.759503998,0.113228359,23746,79,8.814483011,10.07516937,18.06114425,30992.08071,51292989,15301,35200
The United Kingdom,Euro,40.6,comm,0.002085203,0,274.7089819,103.6380205,9.062469455,42354.74561,83.141,4.28,122.137,2.54,0.12,40472.10333,67215293,0.489424416,-0.236778643,0,3920665,111684,12.21200085,15.18177184,18.02341135,10285.12591,50012561,148897,169000
Togo,Afri,20,comm,0.014169022,0.267979536,145.0467733,97.00906484,27.38863942,630.7471811,41.168,6.15,280.033,0.7,0.02,2342.93,8278737,0.775479976,-0.928623575,0.300011837,5496,80,8.545386401,8.611775834,15.92920098,177674.5396,1395223,-6989,9030
Trinidad and Tobago,Amer,37.8,comm,0.007025826,0,270.9274854,133.2558428,26.54560128,17046.54795,53.229,10.97,228.467,3,0.03,5496.5175,1399491,-1.543607136,0.425841872,0.050248269,7616,135,9.215511379,8.938006576,14.15161916,18078.47722,709406,2031,5130
Tunisia,EMed,32.7,comm,2.75E-04,0,74.44132338,22.15569814,20.38518125,3559.418157,68.6486,8.52,318.991,2.3,0.07,47147.45167,11818618,0.418104673,-0.247229274,0.074227265,217753,7257,7.140637654,12.29111667,16.28518664,9659.493377,6790542,23821,72500
Turkey,Euro,32.2,comm,6.76E-05,0,106.9601289,47.59197157,11.66637702,10215.03956,74.6324,12.13,171.285,2.81,0.06,34591.47286,84339067,0.437129952,0.22220986,0.04758271,2539559,26900,11.09829711,14.747501,18.25035574,8939.68837,54362252,263945,185000
Uganda,Afri,15.7,comm,0.034092082,0.352851821,213.0617345,105.5349147,23.50592596,777.8102211,23.203,2.5,213.333,0.5,0.02,899.8525,45741000,-0.879342538,-0.220745998,0.276950484,39860,327,8.160857618,10.59312859,17.63850561,158132.8176,9138988,20519,73500
Ukraine,Euro,41.2,comm,0.006273921,0,77.0296708,47.14680837,9.072880128,2741.783444,69.2572,7.11,539.849,8.8,0.06,41095.955,44134693,-0.669829859,0.358538667,0,1261102,23989,9.9156899,14.0474965,17.60275672,23105.93367,14646647,198226,181000
United Arab Emirates,EMed,38.4,comm,2.56E-04,0,135.6091101,4.720580513,27.55765032,40878.5428,86.2396,17.26,317.84,1.2,0.05,24470.6875,9890400,-0.332587849,0.851605895,0.031642012,329293,930,12.764178,12.70470321,16.10707515,7356.492099,9227398,2330,9340
United Republic of Tanzania,Afri,18.2,spor,0.027499238,0.06708198,63.5790788,81.42914897,22.90503654,1020.473123,33.0558,5.75,217.288,0.7,0.02,1809.127143,59734213,1.19034032,-1.316192555,0.362201227,509,21,5.873179198,6.232448017,17.9054155,142027.6402,2014144,40030,132000
United States of America,Amer,38.5,comm,0.005603957,0,35.71362209,55.8877625,7.616999647,60629.43539,82.0612,10.79,151.089,2.77,0.23,19751.58,329484123,-0.533072651,-0.093259491,0,26623675,457884,12.06749039,17.09731142,19.61303873,8787.689448,243358687,932458,1130000
United States Virgin Islands,Amer,35.5,comm,0.002354979,0,305.6485714,221.0699689,25.59597179,35555.5687,95.5972,11.28,153.493,5.2,0.04,10903.57833,106290,-1.885282682,0.352988281,0,2510,24,12.63582598,7.828038032,11.57392649,13995.9949,,,526
Uruguay,Amer,30.1,comm,0.003676452,0,19.70802765,110.6826119,17.94185513,16358.23055,95.2378,6.93,160.708,2.8,0.02,29341.056,3473727,-0.968361738,0.190332343,0,45311,490,10.48963526,10.72130511,15.06073864,13542.01239,2782867,3106,9820
Uzbekistan,Euro,23,clust,7.04E-04,0,77.47085096,17.5447076,13.15879317,2052.663052,50.5722,7.57,724.417,4,0.03,11255.2,34232050,0.495720315,0.369715661,0.034850836,81009,635,8.795161387,11.30231554,17.3486729,33034.99761,18079919,44886,69100
Venezuela (Bolivarian Republic of),Amer,30,comm,0.003420761,0.015740698,32.73079191,163.4057516,25.86505513,31199.00344,88.19,6.47,204.85,0.8,0.04,21366.44571,28435943,0.376254155,-0.477602154,0.346313137,130116,1233,12.63582598,11.77618164,17.1631645,20658.50602,19033534,22325,164000
Viet Nam,WPac,31.9,clust,0.002661151,6.99E-04,308.1252459,153.6768327,24.59981795,2384.962135,35.2158,6,245.465,2.6,0.04,2486.655,97338583,-0.003012836,1.554425381,0.206905648,2053,35,6.054366574,7.627057417,18.39370601,23499.80588,77353930,-6231,72300
Yemen,EMed,19.8,comm,2.17E-04,0.012771964,53.97785291,14.33384929,23.93610449,1059.940298,36.0204,5.35,495.003,0.7,0.03,19831.73333,29825968,1.769669608,-0.085037859,0.220580816,2134,616,8.275890252,7.665753432,17.21088998,59974.44774,489529,33792,65600
Zambia,Afri,16.9,comm,0.069018935,0.118292391,23.3414789,78.59351564,22.45181442,1394.93894,42.9828,3.94,234.499,2,0.02,2169.458571,18383956,-0.809588054,-0.734213532,0.292516639,62663,853,8.936026019,11.04552644,16.72698889,191778.7405,1538759,23553,81300
Zimbabwe,Afri,20.5,comm,0.087042576,0.013333333,37.32459093,51.95784237,22.04016122,1521.110227,32.2674,1.82,307.846,1.7,0.01,6132.498,14862927,-0.745409696,-0.324298065,0.154926317,34658,1339,8.288196796,10.45328386,16.51438055,205352.5628,4111696,18632,80900
