Country,WHO_Region,cases_perMil,deaths_perMil,mean_age,Transmission_Classification,HIV.AIDS,Genital.herpes,Ascariasis,Malaria,Trichuriasis,Tuberculosis,popDen,latitude,longitude,Avg_Rainfall91.2016_mm,Avg_temp91.2016_c,GDPpc,PerUrb,HCexpend,inv_simpsons,Hookworm_disease,Schistosomiasis,Lymphatic_filariasis,inf_diseaseBurden,Total_tests_per_thousand,Diabetes_prevalence,Cardiovasc_death_rate,Hospital_beds_per_thousand,PropOver_70,AirConnectivityIndex,IHME_meanExcessDeaths,IHME_lowerCIExcessDeaths,IHME_upperCIExcessDeaths,WHO_meanExcessDeaths,WHO_lowerCIExcessDeaths,WHO_upperCIExcessDeaths,pscore.mean,pscore.mean.se,People_vaccinated
Afghanistan,Eastern Mediterranean,1422.72,62.01,19.5,Clusters_of_cases,0.000141588,0.059984655,0.191078231,0.01072646,0.058064598,0.16662204,56.93776001,33.93911,67.709953,26.84327013,13.54560946,521.6847275,25.2644,521.6847275,4.201166,0.014738821,0,0,3342377.718,NA,9.59,597.029,0.5,2.615794214,0.03,192000,142000,242000,44532.80256,-83799.72319,200409.6655,8.9023859,0.097736979,4164530
Albania,Europe,29984.39,511.5,34.3,Clusters_of_cases,1.23E-05,0.080235601,0,0,0,0.173748103,104.6122628,41.153332,20.168331,82.68188798,12.10643452,4649.100558,59.3572,4649.100558,2.550607,0,0,0,25437.10223,20674.434,10.08,304.195,2.89,14.20263062,0.07,17300,16500,18100,12688.67702,7203.051763,17862.7292,18.1628587,0.030533502,1141711
Algeria,Africa,2492.83,66.54,28.9,Community_transmission,0.000239969,0.104315389,0.034601499,5.30E-05,0.029352264,0.098426038,17.73007507,28.033886,1.659626,6.835601538,23.43961026,4074.396794,72.0354,4074.396794,4.54016,0.002620166,0.00776125,0,469883.1626,NA,6.73,278.364,1.9,6.552777882,0.07,54400,41600,65500,69587.05713,1857.941123,147643.4252,16.9504538,0.078573226,7134946
American Samoa,Western Pacific,0,0,27.2,No_cases,0.000265309,0.167774807,0,0,0,0.346816972,277.325,-14.270972,-170.132217,258.0466173,27.58954712,11457.60556,87.1812,11457.60556,2.817801,0,0,0.04594716,1118.459983,NA,NA,NA,NA,NA,NA,NA,NA,NA,NA,NA,NA,NA,NA,56753
Andorra,Europe,132983.89,1371.9,46.2,Community_transmission,0.001381292,0.123036984,0,0,0,0.080270793,163.8425532,42.546245,1.601554,63.13818955,11.95374638,38975.90305,88.1578,38975.90305,2.289178,0,0,0,576.2917623,30973.766,7.97,109.135,NA,NA,NA,328,286,376,374.5988272,-54.65049751,875.2939434,30.1739305,0.22223048,NA
Angola,Africa,611.93,14.45,15.9,Community_transmission,0.013121521,0.218327663,0.075926409,0.118632222,0.059438017,0.290412017,24.71305206,-11.202692,17.873887,80.56724208,22.13381538,3569.847758,64.825,3569.847758,6.103529,0.06456734,0.05386833,0.015869857,5045943.52,NA,3.94,276.045,NA,2.19934175,0.01,64000,46000,88900,22685.01187,-87613.44843,155960.8951,4.9540306,0.090863378,7610350
Antigua and Barbuda,Americas,3226.83,71.48,32.7,Sporadic_cases,0.003264522,0.255705792,0.014851097,0,0.032754872,0.210553689,37.37236563,17.060816,-61.796428,213.8767163,26.15621474,15730.53824,24.7328,15730.53824,3.970921,0.006211288,0.085497807,0,1471.118581,NA,13.17,191.511,3.8,9.054964064,0.04,43,-89,249,-29.90219186,-414.3792347,405.4250467,-1.7718536,0.199718381,64978
Argentina,Americas,43817.08,1087.96,32.4,Community_transmission,0.004449984,0.187137738,0.014655095,0,0.032611537,0.188152287,16.2585101,-38.416097,-63.616672,48.74463612,14.56888061,12547.62491,91.748,12547.62491,3.281138,0.006908173,0,0,943901.1828,23006.306,5.5,191.032,5,11.24310827,0.02,142000,125000,165000,89727.01082,-13550.1944,199997.5923,12.0673849,0.064012166,38687350
Armenia,Europe,56795.88,1054.93,36.6,Community_transmission,0.000483401,0.106599781,0.011799811,0,0.002192676,0.202106634,103.6802248,40.069099,45.038189,44.77818904,7.803381795,3991.370202,63.1276,3991.370202,3.222748,0.007776349,0,0,35765.51701,31903.328,7.11,341.01,4.2,11.48366772,0.04,20600,19600,21900,19663.22482,16466.25617,22761.10776,39.1041008,0.029710158,936925
Australia,Western Pacific,1131.65,35.65,37.5,Sporadic_cases,0.00075371,0.134291727,0,0,0,0.114278189,3.24787091,-25.274398,133.775136,40.40741638,21.96657147,54634.02203,85.9082,54634.02203,2.452284,0,0,0,114896.8342,73845.433,5.07,107.791,3.84,15.92120175,0.06,-18100,-21400,-14400,-14254.57046,-32137.31436,2928.210888,-3.8317474,0.016834541,20437664
Austria,Europe,46794.73,881.6,44.5,Community_transmission,0.002054762,0.110889052,0,0,0,0.080261903,107.1279669,47.516231,14.550072,98.31900946,7.202214904,47699.46776,58.1052,47699.46776,2.381989,0,0,0,42469.61512,198024.173,6.35,145.183,7.37,19.07560629,0.09,18300,16400,20200,11938.43491,2684.639734,20926.78588,6.8789646,0.018112896,6701221
Azerbaijan,Europe,22802.44,311.76,32.6,Clusters_of_cases,0.00034459,0.097465891,0.014524798,0,0.002441868,0.243663008,120.2343172,40.143105,47.576927,35.98206744,12.41966824,4612.313512,55.3578,4612.313512,2.984225,0.008617664,0,0,259469.8601,NA,7.11,559.812,4.7,6.44638912,0.04,53500,51400,55600,57008.42611,44356.03869,69284.98743,34.5268822,0.034696327,5171453
Bahamas,Americas,21078.52,447.56,32.8,Clusters_of_cases,0.011330111,0.248152837,0.009967219,0,0.033302834,0.231260043,38.52547453,25.03428,-77.39628,110.0077478,25.40345449,32841.51708,82.932,32841.51708,3.314203,0.006249382,0,0,10252.62802,NA,13.17,235.954,2.9,7.483272654,0.06,1060,547,1440,1002.641387,-709.4424088,3066.179713,18.4657923,0.123914783,157898
Bahrain,Eastern Mediterranean,63498.82,225.09,32.9,Clusters_of_cases,0.000173699,0.115550152,0.014914745,0,0.025785107,0.146110917,2017.2737,25.930414,50.637772,5.931829167,27.91451058,23296.12435,89.1912,23296.12435,3.507296,0.002197242,0,0,8450.281002,307375.675,16.52,151.689,2,2.518809729,0.04,3920,3060,4780,665.8519052,-2242.149535,4096.302021,7.0257312,0.106305641,1181575
Bangladesh,South-East Asia,3269.05,49.92,27.9,Community_transmission,5.37E-05,0.065889817,0.325112124,0.000498385,0.107955917,0.078221645,1239.579312,23.684994,90.356331,193.0744926,25.3337391,1553.615589,35.8572,1553.615589,3.234086,0.014830542,0,0.004276176,6000488.732,4805.207,8.38,298.003,0.8,5.180351348,0.03,413000,347000,504000,140764.3543,-276185.8561,642414.362,8.7349725,0.097473982,73212792
Barbados,Americas,5946.93,62.64,39.5,Community_transmission,0.00522789,0.274008772,0.010805184,0,0.031499789,0.20969733,666.6069767,13.193887,-59.543198,186.4684396,26.70339359,17342.02081,31.1812,17342.02081,3.170846,0.007768537,0,0,5743.6738,NA,13.57,170.05,5.8,16.23099033,0.03,553,319,789,-355.8809835,-1333.477957,679.2686983,-4.8921953,0.065575352,158049
Belarus,Europe,27462.18,189.64,40.9,Community_transmission,0.001883456,0.16493793,0,0,0,0.171825734,46.71950379,53.709807,27.953389,52.53906904,7.362349006,5945.370122,78.123,5945.370122,2.725554,0,0,0,98387.28214,24993.22,5.18,443.129,11,15.20084135,0.07,85600,81600,93400,48892.62925,15441.93602,87658.10879,20.2855775,0.080188496,4710756
Belgium,Europe,62683.92,1848.46,41.6,Community_transmission,0.002212431,0.116865479,0,0,0,0.079053598,377.3795905,50.503887,4.469936,72.66912532,10.57346205,44234.45458,97.9596,44234.45458,2.274107,0,0,0,117957.3739,144881.188,4.29,114.898,5.64,19.00656607,0.12,32800,30400,35000,17918.21138,6102.830621,29521.06949,7.8981706,0.018767748,8938993
Belize,Americas,30272.01,769.56,23.9,Community_transmission,0.006787961,0.198746406,0.043456408,0.000388038,0.03985373,0.228957292,16.79399386,17.189877,-88.49765,174.3321341,25.63707083,4836.366928,45.6184,4836.366928,3.77912,0.007686635,0,0,10969.82507,NA,17.11,176.957,1.3,4.86738926,0.04,982,540,1330,697.1281414,-207.3753471,1765.595552,16.7979292,0.150876434,230964
Benin,Africa,345.87,4.54,17,Community_transmission,0.005729919,0.133067377,0.059396369,0.32736205,0.039268383,0.189676198,101.8539198,9.30769,2.315834,87.34315218,27.88625321,1152.188106,46.773,1152.188106,5.509188,0.085212644,0.105927833,0.002789872,2841066.915,NA,0.99,235.848,0.5,3.264884925,0.02,8250,5560,11500,11853.45923,-34599.31972,68197.56873,6.2883137,0.09669516,1703504
Bermuda,Americas,11112.36,192.7,43.6,Sporadic_cases,0.002899534,0.29456357,0.007031418,0,0.026163101,0.156496414,1183.703683,32.321384,-64.75737,NA,NA,110164.5579,100,110164.5579,2.846269,0.005664402,0,0,812.2773207,NA,13,139.547,NA,NA,0.07,145,84,213,NA,NA,NA,NA,NA,47183
Bhutan,South-East Asia,1115.85,1.3,29.1,Clusters_of_cases,0.0009928,0.065167918,0.212127821,0.000931135,0.061556721,0.061241106,19.77752777,27.514162,90.433601,159.6253066,12.25373468,3105.89273,40.156,3105.89273,3.81369,0.012282557,0,0,27708.77109,90286.694,9.75,217.066,1.7,6.092974373,0.03,108,45,160,-396.9800105,-2713.577005,2380.549062,-4.2519459,0.092855319,852383
Bolivia (Plurinational State of),Americas,19529.39,924.87,25.3,Community_transmission,0.001441466,0.216895313,0.033865613,0.001358619,0.036163061,0.185022568,10.48014585,-16.290154,-63.588653,91.00180651,20.90170128,3312.882825,69.0818,3312.882825,3.927734,0.005664131,0,0,527540.597,10075.434,6.89,204.299,1.1,7.338631646,0.02,161000,130000,193000,88030.42286,82896.08892,93104.36517,47.5567247,0.015210695,5543107
Bosnia and Herzegovina,Europe,37826.23,1467.01,43.3,Community_transmission,4.18E-05,0.088018895,0,0,0,0.193829225,64.92048828,43.915886,17.679076,90.6193324,10.48909301,5459.449478,47.8876,5459.449478,2.46713,0,0,0,23754.6871,28346.462,10.08,329.635,3.5,17.20115117,0.08,20900,19600,22000,15716.04809,9169.552139,22050.32287,20.4048048,0.03533504,912426
Botswana,Africa,10390.68,76.12,25.7,Community_transmission,0.157515946,0.30111756,0.00646852,0.000807414,0.045683201,0.154839046,3.977424876,-22.328474,24.684866,31.47796862,22.29560192,7635.579977,68.6812,7635.579977,5.529895,0.027755064,0.112411698,0,462837.0162,NA,4.81,237.372,1.8,4.365895341,0.02,17200,14200,20700,7412.645174,-4331.334807,21428.96741,17.5988769,0.103858093,1150613
Brazil,Americas,44809.31,1089.27,33.2,Community_transmission,0.004276361,0.28641381,0.022907849,0.000725891,0.036629627,0.270806068,25.06171624,-14.235004,-51.92528,147.6897981,25.50485192,9033.580888,86.3028,9033.580888,3.608581,0.009106958,0.029321899,0.000493627,4821292.12,239.485,8.11,177.961,2.2,9.251608036,0.03,792000,730000,847000,681267.2918,617495.8923,745423.3367,23.8846155,0.009553456,166143542
British Virgin Islands,Americas,4663.16,33.07,37.2,Clusters_of_cases,0.001329502,0.101604272,0,0,0,0.27618594,198.68,18.420695,-64.639968,NA,NA,NA,47.3432,NA,2.219002,0,0,0.023342331,NA,NA,NA,NA,NA,NA,0.04,NA,NA,NA,NA,NA,NA,NA,NA,7330
Brunei Darussalam,Western Pacific,416.02,6.86,31.1,Sporadic_cases,0.00026587,0.121202378,0,0,0,0.195379223,81.39696395,4.535277,114.727669,272.6018391,25.71679615,29921.92243,77.3072,29921.92243,2.568537,0,0,0,4922.361015,NA,12.79,201.285,2.7,5.208811752,0.03,132,44,217,-110.091573,-1098.711042,1021.196615,-2.1521682,0.135319577,407479
Bulgaria,Europe,32359.61,1355.7,43.7,Clusters_of_cases,0.004212876,0.137242689,0.15046198,0.31023491,0.03316745,0.198971216,64.71109985,42.733883,25.48583,52.67103913,11.28779103,8438.950271,74.6686,8438.950271,5.15629,0.026302201,0.008633084,0.005708985,75492.24605,35540.91,5.81,424.688,7.454,21.25296727,0.07,82500,81200,83800,57494.15031,45508.44998,69248.40558,26.4833171,0.023420413,1957650
Burkina Faso,Africa,541.02,6.41,17.9,Community_transmission,0.0073639,0.18515429,0.084708166,0.353547631,0.096215259,0.229124914,72.19128289,12.238333,-1.561593,66.58027099,28.69861186,735.3127105,28.749,735.3127105,6.419935,0.110207211,0.094830772,0,6668974.485,NA,2.42,269.048,0.4,2.407287537,0.02,21400,14200,31800,22159.51131,-54780.29549,113630.5259,7.2921378,0.092239141,1037977
Burundi,Africa,145.49,0.25,17.7,Community_transmission,0.016703432,0.153722651,0.041483709,0.28462141,0.030999333,0.21036991,435.178271,-3.373056,29.918886,103.0768135,20.88023718,282.7480102,12.714,282.7480102,6.349234,0.044514899,0.082007971,0.105871136,2458859.325,NA,6.05,293.068,0.8,2.312095315,0.02,4310,2730,6350,9337.437593,-30895.37868,57127.82138,6.0936329,0.104287052,4724
Cabo Verde,Africa,25991.61,244.61,26.8,Community_transmission,0.005222856,0.204796182,0.035668988,0.002623379,0.036816176,0.146443565,134.9297767,16.002082,-24.013197,28.93012,23.42969808,3337.546481,65.2544,3337.546481,4.38299,0.015395551,0,0,19434.72426,NA,2.42,182.219,2.1,4.698373444,NA,659,505,790,926.6293968,-932.1847832,3139.888521,15.1889751,0.114332972,311481
Cambodia,Western Pacific,28.47,0,26.4,Sporadic_cases,0.004401892,0.138360628,0.128231364,0.004632365,0.009508939,0.314517821,92.05641287,12.565679,104.990963,156.7822484,27.51141923,1394.600851,22.9886,1394.600851,3.512373,0.027246438,2.57E-05,0.001321378,1034760.142,NA,4,270.892,0.8,NA,NA,17500,12700,23700,12517.74986,-37651.14058,71837.09903,6.2816467,0.093471464,NA
Cameroon,Africa,1182.63,17.86,18.5,Community_transmission,0.020951069,0.190293912,0.060342444,0.211546577,0.062464591,0.190936048,53.34398891,7.369722,12.354722,131.5150435,24.93106635,1431.776971,55.7752,1431.776971,7.103678,0.043689841,0.043418335,0.003487259,6447610.838,NA,7.2,244.661,1.3,2.723649908,0.02,41300,30800,53600,35321.90098,-62322.24481,153534.3396,9.220401,0.099031895,834113
Canada,Americas,21309.33,550.23,41.8,Community_transmission,0.002690069,0.116814992,0,0,0,0.111035374,4.075188239,56.130366,-106.346771,38.67237853,-5.963873782,44712.88921,81.3604,44712.88921,2.640949,0,0,0,260343.016,111706.658,7.37,105.599,2.5,17.64789689,0.13,43700,39900,47300,22019.23788,-19386.3939,66207.56226,3.8401433,0.039007051,31690376
Central African Republic,Africa,1032.97,13.04,20,Community_transmission,0.021881786,0.230159865,0.114669455,0.262438797,0.066932805,0.366953849,7.490412212,6.611111,20.939444,113.5673233,25.40206346,434.8751176,41.0018,434.8751176,6.923105,0.090510089,0.05874679,0.055432266,2352804.058,NA,6.1,435.727,1,2.81479015,0.02,14100,8980,21600,6246.471255,-21688.1349,38953.35036,5.7974473,0.101528682,456736
Chad,Africa,213.57,7.61,16.1,Community_transmission,0.008418957,0.104030551,0.107398078,0.08796556,0.068863815,0.220157991,12.29173364,15.454166,18.732207,28.75294837,27.55332756,714.2214925,22.8776,714.2214925,6.703248,0.235672109,0.031752077,0.016521342,6404644.032,NA,6.1,280.995,NA,2.491641623,0.02,15200,8570,23500,19249.44499,-54455.32796,108037.907,6.4779044,0.098579017,223451
Chile,Americas,39513.6,996.85,35.5,Community_transmission,0.003237307,0.200374593,0.008930723,0,0.030491584,0.159209868,25.18944607,-35.675147,-71.542969,50.72814519,8.454477692,14629.67689,87.4958,14629.67689,3.108465,0.006584332,0,0,180755.7732,83880.826,8.46,127.993,2.11,11.88154013,0.02,37200,35200,39300,38695.39154,31727.36122,45595.82907,17.0817735,0.012211859,17277371
China,Western Pacific,68.89,3.28,38.4,Clusters_of_cases,0.000404628,0.125964241,0.012521918,4.95E-07,0.06177465,0.318248816,148.3488333,35.86166,104.195397,48.27837978,7.039331891,9066.535078,57.9312,9066.535078,2.997266,0.011554511,0.00793022,0,12261284.12,173.692,9.74,261.899,4.34,11.47219302,0.06,17900,7540,30100,-51931.61309,-495479.5619,384127.8817,-0.3022598,0.001371482,654947289
Colombia,Americas,42395.7,1100.43,31.2,Community_transmission,0.002264601,0.260648484,0.102167183,0.002271523,0.049057664,0.229311975,44.75985219,4.570868,-74.297333,221.0699689,24.73434872,6313.789701,80.44,6313.789701,4.149948,0.020204548,0,0,684290.861,36302.419,7.44,124.24,1.71,8.765830007,0.03,179000,171000,187000,164744.2968,154397.5994,175078.2507,32.4578689,0.009501546,37665541
Comoros,Africa,3625.8,132.24,20.9,Community_transmission,0.000172793,0.244216836,0.013812703,0.027963177,0.040962831,0.227918418,447.2444775,-11.875001,43.872219,133.4617955,25.72138397,1325.11545,28.8004,1325.11545,4.726723,0.034616435,0,0.064374556,71320.86031,NA,11.88,261.516,2.2,3.055403427,0.01,1480,1090,1850,723.484517,-1979.038578,3918.94513,7.1564079,0.096862948,318613
Congo,Africa,1460.65,22.11,19.5,Community_transmission,0.018871743,0.261367146,0.018394858,0.187788963,0.052451287,0.300761747,15.35684627,-0.228021,15.827659,133.606601,24.84103558,2317.07112,66.4584,2317.07112,5.345646,0.028336419,0.06656487,0.014900461,763246.2455,NA,7.2,344.094,NA,2.721415896,0.02,11700,9320,15000,4529.22172,-13142.35544,25880.89238,6.3959365,0.094469433,608820
Cook Islands,Western Pacific,0,0,38.3,No_cases,0.00164139,0.199181708,0.009358061,0,0.047535707,0.278074818,NA,-21.236736,-159.777671,NA,NA,NA,NA,NA,3.382635,0.011147333,0,0,416.3323587,18804.238,8.78,137.973,1.13,NA,NA,NA,NA,NA,-35.78151314,-206.4168961,164.1715624,-10.5909191,0.189158486,NA
Costa Rica,Americas,38561.73,524.53,32.6,Community_transmission,0.001510127,0.249690478,0.073293082,0,0.04891673,0.2137157,97.91306306,9.748917,-83.753428,243.6692138,24.92141442,11827.23277,78.5146,11827.23277,4.124231,0.018762861,0,0,47397.47801,2665.772,2.42,303.74,NA,9.880435323,0.03,6220,5450,7310,9647.025815,-353.1578282,21573.82781,19.1600167,0.112371337,3946606
Croatia,Europe,57427.69,1272.51,43.9,Community_transmission,0.000220843,0.098260066,0,0,0,0.145472657,73.04937455,45.1,15.2,89.79589846,11.44510413,13509.00583,56.6828,13509.00583,2.82677,0,0,0,24175.69268,44987.413,5.59,253.782,5.54,20.86013523,0.09,22900,22100,23800,17176.10587,10700.04241,23487.00083,16.5938696,0.023361424,2250682
Cuba,Americas,2956.22,21.19,42.1,Community_transmission,0.002240084,0.277051118,0.021490859,0,0.030604733,0.183455201,108.9995962,21.521757,-77.781167,112.6315038,25.90257436,8279.459343,76.9898,8279.459343,3.148076,0.007606103,0,0,181244.7322,32161.237,8.27,190.968,5.2,15.56495916,0.05,26600,15000,46800,18159.77709,-20212.16231,63070.42265,7.7454198,0.087725765,10643164
Cyprus,Europe,26391.49,177.25,37.9,Clusters_of_cases,0.000154515,0.114568362,0,0,0,0.081148834,128.7083333,35.126413,33.429859,37.82776529,19.47115897,26150.60121,66.8556,26150.60121,2.313696,0,0,0,5925.231136,363477.617,9.24,141.171,3.4,17.16883689,0.05,809,509,1110,1008.744776,-172.7316487,2135.474201,8.1738201,0.031160046,642291
Czechia,Europe,97593.97,1633.86,43.3,Community_transmission,0.000164339,0.079950371,0,0,0,0.148011115,137.6577053,49.817492,15.472962,56.57416423,8.756214455,20790.31403,73.687,20790.31403,2.692145,0,0,0,92634.70528,NA,6.82,227.485,6.63,14.04826565,0.1,49100,47000,51000,37038.54611,25306.84115,48417.5698,15.3617326,0.020347389,6824748
Democratic Republic of the Congo,Africa,264.29,7.6,16.7,Community_transmission,0.004399102,0.220320909,0.14343247,0.251714316,0.124957197,0.313106547,37.08259236,-4.038333,21.758664,122.1602333,24.53754904,514.6982648,43.8866,514.6982648,7.636924,0.137829346,0.050999004,0.024192352,15851031.15,NA,6.1,318.949,NA,19.80074484,0.02,98700,66400,151000,117757.7044,-249194.504,554489.5825,8.1429919,0.097294727,239641
Denmark,Europe,34883.28,382.58,42,Community_transmission,0.001194471,0.128687325,0,0,0,0.08061606,137.9765658,56.26392,9.501785,61.73003987,8.678213269,57459.56645,87.7586,57459.56645,2.247537,0,0,0,48953.80079,416039.197,6.41,114.767,2.5,19.96525913,0.09,10400,8900,11700,3716.267284,-1727.706669,8990.145707,3.6438533,0.016924883,4718862
Djibouti,Eastern Mediterranean,6022.27,63.77,24.9,Clusters_of_cases,0.01162396,0.205471941,0.039146068,0.013112981,0.031037366,0.185034222,41.36842105,11.825138,42.590275,21.71606471,28.26240865,2986.47475,77.657,2986.47475,4.336196,0.009997282,0.00212565,0,152543.8687,NA,6.05,258.037,1.4,4.609063643,0.02,3850,2940,4840,1767.323822,-2209.909841,6529.956231,12.2631323,0.103928231,100828
Dominica,Americas,1680.77,0,34.9,Clusters_of_cases,0.00320804,0.241620753,0.013235304,0,0.034926316,0.259558348,95.5,15.414999,-61.370976,269.0761215,24.95566571,7751.31448,70.1818,7751.31448,3.209215,0.00817047,0,0,1539.229533,NA,11.62,227.376,3.8,NA,NA,149,83,224,15.05365394,-490.5297635,619.1717099,1.0545877,0.123606751,NA
Dominican Republic,Americas,20660.11,262.08,27.9,Community_transmission,0.005676965,0.212857024,0.048114851,2.15E-05,0.036627944,0.234603392,219.9785759,18.735693,-70.162651,121.4442597,24.48336154,7628.896587,80.2362,7628.896587,4.85857,0.006837338,0.124032855,0.016394668,313471.2202,15897.987,8.2,266.653,1.6,7.298389658,0.05,20800,10400,29100,11873.18529,-15468.5295,44813.01903,7.9654925,0.089010206,30589
Ecuador,Americas,14657.72,850.93,28.8,Community_transmission,0.002364769,0.233564259,0.083419841,0.00156621,0.056763742,0.149822992,68.78868175,-1.831239,-78.183406,185.949474,21.70914423,6175.569094,63.6818,6175.569094,3.996424,0.00540088,0,0,395173.5921,9439.902,5.55,140.448,1.5,7.372199367,0.02,112000,106000,117000,80868.02826,70353.71579,91055.18919,50.3748386,0.03328047,14193279
Egypt,Eastern Mediterranean,1663.24,94.78,24.1,Clusters_of_cases,4.72E-05,0.090130189,0.030892309,0,0.023953185,0.2850804,98.87346929,26.820553,30.802498,2.485025064,23.05570769,3016.685489,42.7312,3016.685489,2.850767,0.003722298,0.012140755,0.00721943,2415120.45,NA,17.31,525.432,1.6,5.276332976,0.04,265000,248000,278000,251101.5719,136209.3243,366840.6349,22.3130948,0.043870612,33916219
El Salvador,Americas,8734.38,260.86,27.7,Community_transmission,0.003484775,0.23023373,0.055061099,9.86E-05,0.067319448,0.252553152,309.8814672,13.794185,-88.89653,151.2771268,24.37199647,3935.347657,71.249,3935.347657,4.427262,0.058641967,0,0,136830.2207,23420.179,8.87,167.295,1.3,8.469582569,0.03,26900,21000,32800,17035.57142,-4326.733115,41723.92973,20.1442377,0.148283039,4485593
Equatorial Guinea,Africa,4001.47,62.01,20.3,Community_transmission,0.051830953,0.225254293,0.025386441,0.336657105,0.047888214,0.242399005,46.66573975,1.650801,10.267895,181.8614803,24.89411058,9695.565902,71.634,9695.565902,5.342202,0.014961297,0.042097156,0.011434465,244255.7199,NA,7.78,202.812,2.1,2.424508808,0.02,2770,2090,3620,1719.486907,-3739.887401,8251.953537,8.1841967,0.096683886,244627
Eritrea,Africa,655.87,1.97,20.3,Community_transmission,0.003884645,0.174672616,0.020338457,0.012100602,0.052311985,0.242417038,NA,15.179384,39.782334,22.56127292,26.94000224,NA,NA,NA,5.31396,0.118767289,0.039476449,0.00370359,952438.16,NA,6.05,311.11,0.7,NA,0.03,7210,5130,10300,2412.796624,-11179.76757,18716.63236,4.406419,0.092893044,NA
Estonia,Europe,36794.36,357.32,43.7,Clusters_of_cases,0.002565861,0.164118541,0,0,0,0.156131064,30.41124914,58.595272,25.013607,55.74426596,6.166056154,20662.39145,68.7254,20662.39145,2.738242,0,0,0,12877.44777,116647.326,4.02,255.569,4.69,19.99180778,0.06,5630,5180,6180,3374.426148,1608.258004,5087.508051,10.9072208,0.020763674,841788
Eswatini,Africa,13992.85,523.2,23.7,Community_transmission,0.195835479,0.269845843,0.012111648,0.000609254,0.054632396,0.24507416,66.05761628,-26.523,31.466,66.01406798,20.46310801,3804.169904,23.6328,3804.169904,5.828574,0.084862204,0.063254385,0,307435.9878,NA,3.94,333.436,2.1,4.014789266,0.02,13600,10500,16600,3820.248047,-2731.295012,11677.96678,16.8351905,0.108742837,344055
Ethiopia,Africa,1243.82,18.75,19.8,Community_transmission,0.007571648,0.136782514,0.033916645,0.042854424,0.061230912,0.324872315,109.224559,9.145,40.489673,67.66684324,23.15304776,750.6946936,20.3184,750.6946936,5.798468,0.207724673,0.197671421,0.005701588,13179967.4,3729.351,7.47,182.634,0.3,3.516690455,0.01,208000,150000,313000,103495.826,-214658.4073,488788.2611,8.2935499,0.096099247,9010055
Fiji,Western Pacific,62.47,2.23,29.9,Sporadic_cases,0.000539127,0.175090956,0.026101208,0,0.052187617,0.382663735,48.35703339,-16.578193,179.414413,239.7889574,24.32588622,5927.294145,55.7402,5927.294145,3.812702,0.011796247,0,0.10562771,28795.92277,5273.6,14.49,412.82,2.3,5.624229594,0.01,1480,1030,1930,-116.9223187,-3709.332275,4235.36463,-0.9294068,0.098039918,662906
Finland,Europe,8657.54,126.52,42.8,Community_transmission,0.00026002,0.115729409,0,0,0,0.077641147,18.14854727,61.92411,25.748151,46.89010253,2.402187596,46343.86227,85.3306,46343.86227,2.271507,0,0,0,23073.58383,101950.891,5.76,153.507,3.28,22.14064462,0.06,8780,7190,10200,2856.999815,-1372.302404,7034.926923,2.7115063,0.012697523,4290682
France,Europe,50338.74,1210.54,41.7,Community_transmission,0.001652556,0.114523888,0,0,0,0.077022279,47.11922029,46.227638,2.213749,70.20377468,11.54132609,38922.54789,80.181,38922.54789,2.344204,0,0,0,446307.4672,NA,4.77,86.06,5.98,20.39137028,0.12,155000,151000,160000,81849.99601,26319.84179,135809.9631,6.6711682,0.016134311,53146454
Gabon,Africa,5317.8,31.9,21,Community_transmission,0.028935847,0.282017884,0.011189046,0.185191235,0.0440481,0.267156045,8.224764233,-0.803689,11.609444,151.18125,25.29725769,7464.6409,88.9528,7464.6409,5.581314,0.009838501,0.230453427,0.014840602,190270.2506,NA,7.2,259.967,6.3,3.544727257,0.02,3980,3240,4770,1602.052341,-5603.934546,10390.03765,5.5983284,0.093357734,245394
Gambia,Africa,1780.14,55.86,21.8,Community_transmission,0.011759807,0.133776567,0.054937772,0.026574461,0.038906579,0.165620608,225.3065217,13.443182,-15.310139,82.3163075,27.97866699,708.3577634,60.5892,708.3577634,6.567363,0.033643685,0.110079033,0.002467677,263611.1524,1825.471,1.91,331.43,1.1,2.560925431,0.02,6340,5230,7840,2904.17925,-4595.199472,11948.899,10.1277089,0.101454024,264762
Georgia,Europe,65942.84,828.74,38.6,Community_transmission,0.001288523,0.109937943,0.015369056,0,0.001932838,0.227950543,65.19733021,42.315407,43.356892,78.6664891,6.957606122,4370.769825,58.2374,4370.769825,2.964227,0.005581159,0,0,44733.287,NA,7.11,496.218,2.6,15.06105563,0.04,15800,14100,18000,24464.6006,10065.85512,41166.26934,23.8590976,0.090816524,1353959
Germany,Europe,27355.17,741.86,47.8,Community_transmission,0.000991152,0.146411659,0,0,0,0.081853779,237.3075967,51.165691,10.451526,60.1511108,9.429345385,44400.56462,77.2746,44400.56462,2.156963,0,0,0,616747.0957,13645.33,8.31,156.139,8,21.56299232,0.12,203000,193000,210000,122432.1428,20057.15521,222613.8639,6.5110179,0.018920351,62716595
Ghana,Africa,2302.1,14.93,21.4,Community_transmission,0.010017413,0.173941494,0.031815474,0.192118039,0.02306386,0.2308767,130.8214292,7.946527,-1.023194,96.05532394,27.62778301,2021.120124,55.4018,2021.120124,6.786804,0.090188468,0.130672723,0.024582304,4496573.237,5708.871,4.97,298.245,0.9,3.097322178,0.02,35900,28100,44700,20906.88946,-72609.30779,133631.0642,5.5036714,0.092170965,5935200
Greece,Europe,15789.52,575.36,45.3,Community_transmission,0.00044683,0.103239767,0,0,0,0.083077678,83.26518231,39.074208,21.824312,53.54714327,14.30444054,19024.2586,78.7206,19024.2586,2.491165,0,0,0,97399.25411,73948.978,4.55,175.695,4.21,21.94147013,0.06,25400,23400,27400,19393.99144,5176.592047,33321.49211,7.7110877,0.018946846,7437004
Greenland,Europe,528.43,0,34.3,No_cases,0.003621978,0.136026307,0,0,0,0.201836699,0.136491656,71.706936,-42.604303,45.10290513,-17.07233045,49377.65016,86.5678,49377.65016,2.383979,0,0,0,677.3001827,NA,2.16,199.941,NA,NA,NA,22,14,29,NA,NA,NA,NA,NA,NA
Grenada,Americas,1315.29,8.89,33.3,Sporadic_cases,0.00251472,0.236158233,0.024248567,0,0.035334536,0.235909855,327.8058824,12.262776,-61.604171,128.8380674,27.16824263,10034.52604,36.1802,10034.52604,3.42442,0.007725418,0,0,1991.630165,NA,10.71,243.964,3.7,9.677419355,0.03,255,132,392,-266.7174816,-867.9854563,436.0403845,-12.7304355,0.221991792,41536
Guam,Western Pacific,44183.08,770.26,29.4,Clusters_of_cases,0.000713961,0.185593624,0.007481424,0,0.050129023,0.309385026,306.9777778,13.444304,144.793731,NA,NA,35542.53265,94.6978,35542.53265,3.173353,0.011304836,0,0,3252.027047,8253.654,10.18,155.898,0.6,10.18984542,NA,333,292,382,NA,NA,NA,NA,NA,NA
Guatemala,Americas,9112.02,330.55,23.2,Community_transmission,0.001740349,0.195921888,0.104741737,0.001598859,0.074313064,0.291609196,152.5471258,15.783471,-90.230759,220.1783569,23.93217083,4342.453438,50.6926,4342.453438,4.772492,0.079627841,0,0,723824.6596,NA,NA,NA,NA,4.928984331,0.04,51100,43200,59200,49395.6912,43306.08207,55465.42414,24.9001272,0.013676882,6511558
Guinea,Africa,1122.61,6.4,19.1,Community_transmission,0.01003892,0.142715843,0.130397823,0.305306526,0.053942345,0.221750365,50.52221227,9.945587,-9.696645,140.5542882,26.19758013,839.7120501,35.8068,839.7120501,6.261439,0.060011871,0.078822533,0.012348601,3474116.639,NA,2.42,336.717,0.3,2.94190559,0.02,26700,18500,38900,12529.66638,-40548.75024,77075.30271,5.8112633,0.095800619,1928976
Guinea-Bissau,Africa,1412.6,23.37,18,Community_transmission,0.016864644,0.150409563,0.062134895,0.026412745,0.069340627,0.231351546,66.65394737,11.803749,-15.180413,128.0463331,27.48197981,695.8105251,42.9476,695.8105251,6.597531,0.252557461,0.117311031,0.024921812,381700.5254,NA,2.42,382.474,NA,2.863260455,0.02,4350,3310,5560,2841.155031,-5476.470945,12877.7812,8.819935304,0.095975426,386166
Guyana,Americas,10148.09,228.85,27.5,Clusters_of_cases,0.012610219,0.211748555,0.047571294,0.014096154,0.036760948,0.270902728,3.957348235,4.860416,-58.93018,197.276783,26.05163301,6053.713492,26.5512,6053.713492,4.766184,0.007748727,0,0.196688313,32340.39448,NA,11.62,373.159,1.6,6.711584305,0.02,2690,1390,3930,2811.18165,-2052.125888,8704.263631,16.38122319,0.107562981,410787
Haiti,Americas,1044.33,21.57,24.1,Community_transmission,0.01381867,0.158996217,0.119809128,0.001683191,0.056983648,0.328742851,403.5985486,18.971187,-72.285215,116.9728216,25.13607564,1331.437916,54.3278,1331.437916,4.632082,0.079674374,0,0.012752231,1416730.97,NA,6.65,430.548,0.7,5.063669546,0.05,27900,14100,42200,9608.768303,-120310.1333,150339.554,11.2039067,0.258525094,125111
Honduras,Americas,15605.67,375.68,45.6,Community_transmission,0.000990512,0.238099665,0.192169106,0.001268716,0.076137514,0.291534239,85.68703191,15.199999,-86.241905,160.9768376,24.01401122,2435.840574,56.4522,2435.840574,4.61829,0.040953977,0,0,228355.2056,NA,7.21,240.208,0.7,4.828189524,0.04,55400,46900,67100,22662.0853,-11338.62022,63319.52701,20.03542523,0.11457378,4893549
Hungary,Europe,39204.99,1371.48,43.6,Community_transmission,0.000223069,0.070741494,0,0,0,0.164602207,107.9814868,47.162494,19.503304,52.13354734,10.8767866,14709.05221,71.0672,14709.05221,2.551818,0,0,0,68179.80479,52725.651,7.55,278.296,7.02,19.69445761,0.09,53800,52400,55200,36496.70787,21945.10908,50452.84296,13.69438972,0.021322685,6135182
Iceland,Europe,17641.39,84.98,37.1,Community_transmission,0.00059905,0.115773025,0,0,0,0.073136405,3.518413965,64.963051,-19.020835,92.33924551,2.307253397,65051.14194,93.7752,65051.14194,2.265737,0,0,0,2135.295976,173416.332,5.31,117.992,2.91,15.19212107,0.04,-314,-703,11,-10.63273477,-279.0190004,251.1023531,-0.20991771,0.018058867,283281
India,South-East Asia,7860.34,112.43,28.7,Clusters_of_cases,0.001345282,0.074880416,0.094962154,0.004438405,0.056482678,0.27560445,454.9380726,20.593684,78.96288,86.6361734,24.56394071,1885.05656,33.6122,1885.05656,3.794337,0.017296122,0,0.027401915,81125828.03,26179.253,10.39,282.28,0.53,6.377924156,0.04,4070000,3710000,4360000,4735940.21,1392120.572,9250770.016,25.87815948,0.135239718,841039906
Indonesia,South-East Asia,4263.17,116.13,31.1,Community_transmission,0.001160996,0.13726551,0.067483421,0.00302229,0.085631867,0.366531916,147.7521901,-0.789275,113.921327,239.5649064,26.26064519,3752.321661,54.6542,3752.321661,3.590123,0.022801541,6.25E-05,0.023344964,10273812.98,3247.401,6.32,342.864,1.04,6.050302682,0.03,736000,594000,955000,1028700.75,234061.1006,1913918.439,27.45858362,0.1130887,158279815
Iran (Islamic Republic of),Eastern Mediterranean,17546.19,696.92,31.7,Community_transmission,0.000341184,0.134756166,0.021642108,5.19E-05,0.027636925,0.281732912,50.22242012,32.427908,53.688046,17.60874276,17.76754189,5307.030804,74.3842,5307.030804,2.74494,0.002339563,2.13E-05,0,784173.5432,12626.093,9.59,270.308,1.5,6.358522055,0.04,274000,231000,335000,232153.3724,191492.6911,271508.0051,29.60772026,0.021758276,59583574
Iraq,Eastern Mediterranean,15669.42,326.33,21.2,Community_transmission,6.15E-05,0.086727559,0.023273736,0,0.038428588,0.145789801,88.53057004,33.223191,43.679291,14.71366144,22.33393337,5352.312834,70.2888,5352.312834,5.10372,0.006844312,0.097786042,0,590915.4471,21492.724,8.83,218.612,1.4,3.398533134,0.04,183000,142000,237000,66734.6084,5806.531276,137262.0096,21.51878041,0.09807577,8498801
Ireland,Europe,41394.46,746.69,37.8,Community_transmission,0.000486813,0.110499385,0,0,0,0.073486405,70.65344753,53.41291,-8.24389,98.02790506,9.64084359,70459.40734,62.9594,70459.40734,2.307077,0,0,0,31233.24807,121869.168,3.28,126.459,2.96,14.22283075,0.08,1170,84,2330,2921.840662,-427.8889452,6158.460566,4.695760328,0.018547328,3933300
Israel,Europe,79846.13,596.5,30.4,Community_transmission,0.001551045,0.08995023,0,0,0,0.079294854,410.4805915,31.046051,34.851612,20.33762782,20.26481766,39790.41806,92.338,39790.41806,2.467147,0,0,0,56906.47757,235630.062,6.74,93.32,2.99,12.20867441,0.05,9280,7860,10600,6177.075575,1461.378217,10765.40072,6.987092484,0.017112172,6619753
Italy,Europe,43741.77,1514.67,46.5,Clusters_of_cases,0.001658128,0.120105117,0,0,0,0.09553505,205.4183722,41.87194,12.56738,76.35498878,12.62638042,32284.13089,70.1476,32284.13089,2.359126,0,0,0,315968.5019,110647.692,4.78,113.151,3.18,23.01213665,0.09,259000,242000,276000,160800.5772,84042.81118,234979.6658,12.20380198,0.020890368,48311535
Jamaica,Americas,5841.62,120.9,29.4,Community_transmission,0.005839854,0.264161547,0.0125688,0,0.040823341,0.216251473,270.9930748,18.109581,-77.297508,176.2444825,25.66470417,5151.305334,55.3936,5151.305334,3.383996,0.014099638,0,0,47248.64737,7330.959,11.28,206.537,1.7,8.922391673,0.04,6460,3680,8720,3592.308382,-3530.909541,12056.8425,9.21636785,0.105912083,717888
Japan,Western Pacific,3216.14,51.2,48.6,Clusters_of_cases,0.000371838,0.105405746,0,0,0,0.18501688,347.0734584,36.204824,138.252924,136.2051696,11.33879721,38215.82057,91.5374,38215.82057,2.301526,0,0,0,1615976.792,8960.716,5.72,79.37,13.05,28.00204928,0.05,111000,103000,116000,-19470.68873,-96676.71269,56787.63538,-0.587575085,0.008840054,101209896
Jordan,Eastern Mediterranean,33013.29,429.77,23.5,Community_transmission,5.61E-05,0.105527809,0.019455392,0,0.03192618,0.026408775,112.1424983,30.585164,36.238414,8.38079609,19.44318571,4258.55369,90.7382,4258.55369,3.785011,0.002826794,0.006320894,0,112924.5293,60189.206,11.75,208.257,1.4,3.893416292,0.04,27000,21300,33200,11928.88785,-112.0309166,25640.851,19.66740069,0.110328816,4340969
Kazakhstan,Europe,13066.77,169.63,31.6,Clusters_of_cases,0.000969608,0.092888197,0.012406677,0,0.002365282,0.201680842,6.769825721,48.019573,66.923684,21.77255298,6.810408141,9419.637369,57.3518,9419.637369,3.219706,0.006543579,0,0,304930.3915,74191.743,7.11,466.792,6.7,7.652343941,0.03,49000,46800,50900,76214.62538,64524.65354,87615.1391,28.83383776,0.020226081,8963134
Kenya,Africa,1895.88,33.21,20,Community_transmission,0.034597479,0.214270624,0.028937526,0.070197799,0.039942978,0.268673154,90.29941666,-0.023559,37.906193,54.80080484,25.11858814,1568.856027,26.5724,1568.856027,5.933747,0.035140029,0.171419155,0.014144642,7469318.471,1347.021,2.92,218.637,1.4,2.42382671,0.02,171000,127000,266000,12350.91671,7241.025328,17419.54817,2.021424788,0.003002504,6028513
Kiribati,Western Pacific,0,0,25.7,No_cases,0.000346547,0.149112004,0.096389699,0,0.069640264,0.427305359,143.0209877,-3.370417,-168.734039,96.02805096,27.50574167,1624.243585,53.2446,1624.243585,3.522152,0.013250335,0,0.015579011,9839.515252,NA,NA,NA,NA,NA,NA,NA,NA,NA,-45.40211773,-816.7243896,853.304965,-1.698112108,0.114275469,NA
Kuwait,Eastern Mediterranean,40274.24,226.9,29.7,Community_transmission,7.06E-05,0.117203033,0,0,0,0.118998588,232.1723906,29.31166,47.481766,9.824115962,26.08960545,30655.37261,100,30655.37261,2.869504,0,0,0,30302.00697,77878.569,15.84,132.235,2,2.763838983,0.04,3560,2670,4300,4239.704536,1122.53598,7881.049556,25.34767572,0.104531924,3223951
Kyrgyzstan,Europe,13054.64,219.64,27.3,Clusters_of_cases,0.001009872,0.079284872,0.041284009,0,0.001192604,0.220525785,32.96558916,41.20438,74.766098,33.85907856,3.137479615,1220.41043,36.1596,1220.41043,3.321791,0.009363411,0,0,120811.0598,NA,7.11,436.362,4.5,4.600294583,0.03,22600,21200,23900,12312.99552,8012.723919,16461.38208,18.66394815,0.025213965,1223890
Lao People's Democratic Republic,Western Pacific,6.19,0,24,Sporadic_cases,0.001250403,0.132721321,0.034977503,0.003504747,0.095634577,0.15685566,30.59578423,19.85627,102.495496,150.4519347,23.87064263,2388.948658,34.3722,2388.948658,5.517597,0.154425838,5.53E-05,0.008137361,461386.1845,NA,4,368.111,1.5,NA,NA,4640,3180,6190,1756.087217,-19428.73408,27306.82257,1.965757219,0.089938477,NA
Latvia,Europe,38218.68,714.13,44.4,Community_transmission,0.002072614,0.166774787,0,0,0,0.18023144,30.99347057,56.879635,24.603189,55.69609228,6.696891314,15891.95885,68.088,15891.95885,2.663625,0,0,0,23993.51585,118111.537,4.91,350.06,5.57,20.336511,0.04,12400,11700,13100,7668.246888,4272.621405,10922.531,12.84050427,0.02138777,1311542
Lebanon,Eastern Mediterranean,47173.48,538.72,33.7,Community_transmission,0.000245793,0.110308049,0.022596932,0,0.028811767,0.112747315,669.4941349,33.854721,35.862285,44.97702968,16.5730676,7736.823285,88.4304,7736.823285,3.803233,0.003016346,6.93E-05,0,64717.89916,NA,12.71,266.591,2.9,7.273291633,0.07,36100,30200,44800,18520.09687,12145.09866,24631.96825,22.13491642,0.033106528,2156023
Lesotho,Africa,4378.58,85.42,24.7,Community_transmission,0.187166476,0.286993335,0.02264249,0,0.051435214,0.288332561,69.43781291,-29.609988,28.233608,60.71625439,13.46854051,1137.160768,27.7386,1137.160768,4.544893,0.009744446,0,0,886561.5338,NA,3.94,405.126,NA,4.925825825,0.05,17800,14600,21900,3981.91891,-13921.37637,25507.70108,5.714584653,0.091859533,756707
Liberia,Africa,386.74,16.61,18,Community_transmission,0.008011503,0.156307679,0.154972805,0.378951646,0.083174988,0.20373991,50.03090739,6.428055,-9.429499,207.2174294,25.71297404,684.5848293,50.7074,684.5848293,7.891935,0.081369572,0.291265413,0.068171842,919868.9668,NA,2.42,272.509,0.8,3.285693974,0.02,7970,6310,10700,4043.269639,-16380.24692,28104.02682,5.872650282,0.105981588,886105
Libya,Eastern Mediterranean,18174.46,287.28,25.8,Community_transmission,0.00022655,0.108734124,0.011615568,0,0.03078854,0.163869375,3.795632381,26.3351,17.228331,3.409302308,22.80773782,5938.576684,79.8244,5938.576684,4.249871,0.003217953,0.137783911,0,73990.28514,NA,10.43,341.862,3.7,4.458238878,0.05,36700,29200,45100,7861.4237,-8611.70632,27419.17923,13.64477576,0.103047887,1861596
Lithuania,Europe,68846.84,1091.73,44.5,Community_transmission,0.000701128,0.165846491,0,0,0,0.185949609,44.72307577,55.169438,23.881275,55.26462994,7.280419231,16983.96583,67.5292,16983.96583,2.643048,0,0,0,32086.28288,137878.211,3.67,342.989,6.56,20.15841271,0.07,20000,19200,20800,17254.7065,13288.28319,21231.22643,20.7254204,0.01958261,1918362
Luxembourg,Europe,82876.71,953.71,39.5,Community_transmission,0.000957187,0.116022538,0,0,0,0.078303623,250.1851852,49.815273,6.129583,78.70049942,9.932402372,108928.1788,90.714,108928.1788,2.293816,0,0,0,3673.991292,601322.37,4.42,128.275,4.51,14.27494888,0.12,1070,685,1400,69.48178284,-524.7582256,633.3205232,0.801224843,0.022154171,463104
Madagascar,Africa,699.14,10.29,20.3,Community_transmission,0.001636081,0.20287188,0.035682204,0.059851213,0.031511418,0.231446865,45.13985562,-18.766947,46.869107,117.923334,22.64507981,501.8687864,36.5246,501.8687864,5.997551,0.104139947,0.039241652,0.01671624,4249301.842,355.377,3.94,405.994,0.2,3.044064128,0.01,65100,49000,94000,25582.19376,-65272.52325,134170.3255,7.063623395,0.100190087,757513
Malawi,Africa,1433.46,45.69,16.8,Community_transmission,0.056862955,0.228010475,0.030134704,0.156542486,0.040646352,0.129878562,192.4407616,-13.254308,34.301525,83.09760022,22.48867981,369.1806521,16.7288,369.1806521,6.417101,0.029908102,0.027048625,0.015163718,3261794.558,524.063,3.94,227.349,1.3,2.642024179,0.02,54900,45400,68900,17113.14425,-36097.5891,81540.9982,8.05599616,0.095174518,1482695
Malaysia,Western Pacific,7586.73,27.68,29.2,Clusters_of_cases,0.001896133,0.154618367,0.0255799,0.000989044,0.076324374,0.273203523,95.96282149,4.210484,101.975766,259.0780455,25.78142756,10564.76518,75.4286,10564.76518,3.564684,0.006653605,0,0.011598849,909322.8069,29250.713,16.74,260.942,1.9,6.920771309,0.04,48100,40300,58200,7532.970421,-17564.87422,35476.88166,1.746593856,0.04077599,26037689
Maldives,South-East Asia,31281.45,101.75,29.5,Clusters_of_cases,3.41E-05,0.155950524,0.05108125,0,0.082515213,0.243722914,1718.986667,3.202778,73.22068,197.0833333,28.29134615,9744.751201,39.3818,9744.751201,4.044547,0.010076471,0,0.004607174,5358.372965,149262.993,9.19,164.905,NA,3.641000239,0.02,296,231,372,245.8127993,-198.8109699,728.0388453,9.828690271,0.100465919,399352
Mali,Africa,403.98,16.74,16,Community_transmission,0.005183012,0.149653647,0.175597282,0.11983914,0.053126316,0.198780113,15.63501586,17.570692,-3.996166,26.59095843,28.88349519,827.2043904,41.5676,827.2043904,6.911123,0.068413624,0.025296869,0.008840099,5886245.748,NA,2.42,268.024,0.1,2.495127818,0.02,33500,22100,47500,27310.9347,-50886.27007,120838.5628,8.897008533,0.097746862,879943
Malta,Europe,43064.89,643.2,42.3,Clusters_of_cases,0.000974026,0.120624722,0,0,0,0.084663933,1514.46875,35.937496,14.375416,35.1589416,19.50353654,27777.82338,94.546,27777.82338,2.289586,0,0,0,3440.811545,283106.281,8.83,168.711,4.485,20.81717275,0.06,735,528,925,476.6711578,-165.2088639,1094.068825,6.223664819,0.027691594,434459
Marshall Islands,Western Pacific,67.57,0,23.8,No_cases,0.001311786,0.160190195,0.033755074,0,0.057311191,0.406432954,324.5166667,7.131474,171.184478,231.7998356,27.94509615,3535.617816,76.6242,3535.617816,3.0222,0.030046974,0,0.001480319,2554.398529,NA,30.53,557.793,2.7,NA,NA,NA,NA,NA,-79.39252866,-384.3560644,278.7976073,-9.371517969,0.134852437,NA
Mauritania,Africa,3608.22,91.4,21,Community_transmission,0.000310252,0.156673558,0.042769161,0.078398193,0.05129411,0.175561001,4.272163578,21.00789,-10.940835,8.235993237,28.41635737,1583.872509,52.8108,1583.872509,6.52399,0.075310534,0.028798045,0,371554.9454,1567.459,2.42,232.347,NA,3.156243813,0.02,7990,5680,10500,6947.729666,-7265.223374,24071.43418,13.1752276,0.105050708,1153956
Mauritius,Africa,459.2,7.86,36.3,Clusters_of_cases,0.002730689,0.181711443,0.028646857,0,0.064598953,0.286333352,623.3019704,-20.348404,57.552152,146.2398337,23.26766859,10346.91167,40.862,10346.91167,3.891203,0.006144794,0.377854547,0,21631.77858,NA,22.02,224.644,3.4,11.99872723,0.01,659,331,987,941.8045754,-247.0518012,2078.625552,4.05315298,0.0172735,938389
Mexico,Americas,14985.68,1289.04,29.3,Community_transmission,0.001864806,0.175219631,0.099056738,7.07E-05,0.052029156,0.27214932,64.91462641,23.634501,-102.552784,62.21506167,21.18582436,9456.311625,79.8658,9456.311625,4.38985,0.021222009,0,0,1836730.458,6592.834,13.06,152.783,1.38,7.416660604,0.05,798000,741000,867000,626216.5415,556969.8729,695309.8291,41.3696714,0.022288704,81917674
Micronesia (Federated States of),Western Pacific,0,0,26.3,No_cases,0.00916384,0.161337056,0.058408094,0,0.024475004,0.383039679,160.9142857,7.425554,150.550812,NA,NA,3194.767326,22.621,3194.767326,3.59701,0.060292991,0,0.013070918,5745.97622,NA,12.02,454.343,NA,NA,NA,NA,NA,NA,-110.7218281,-751.036451,638.6355561,-5.118088314,0.11136562,NA
Monaco,Europe,42426.87,509.63,55.4,Sporadic_cases,0.000771089,0.125964423,0,0,0,0.077044537,NA,43.750298,7.412841,82.59121766,10.44399147,172346.5606,100,172346.5606,2.328892,0.004945046,0,0,404.3524602,NA,5.46,NA,13.8,NA,NA,53,40,62,63.86281434,-167.7945652,272.8314888,6.709057289,0.081571877,20612
Mongolia,Western Pacific,632.34,0.61,29.8,Clusters_of_cases,0.000131279,0.086692904,0.041473626,0,0.002806417,0.266565329,2.040608667,46.862496,103.846656,18.56879849,0.598240897,3944.595588,68.3756,3944.595588,3.293401,0.022132685,0,0,87367.5116,46094.434,4.82,460.043,7,4.189333452,0.03,5600,4540,6430,4.008052159,-1998.357011,1970.779264,-0.08009425,0.014317572,2267614
Montenegro,Europe,104538.38,1334.25,39.6,Clusters_of_cases,0.000147532,0.082942853,0,0,0,0.165949908,46.26223048,42.708678,19.37439,97.15418157,9.60922609,7816.462374,66.4774,7816.462374,2.634288,0,0,0,3692.749642,NA,10.08,387.305,3.861,15.38917207,NA,4080,3670,4470,3909.807668,2039.963192,5861.04863,27.45762184,0.067594347,283880
Morocco,Eastern Mediterranean,12884.9,227.79,29.1,Clusters_of_cases,0.000387487,0.11490998,0.076416136,0,0.031872643,0.187550966,80.72851893,31.791702,-7.09262,24.8487001,18.18983186,3046.919776,61.9048,3046.919776,4.422784,0.004753554,0.018754351,0,725561.1706,26763.461,7.14,419.146,1.1,7.300454771,0.05,157000,126000,203000,34748.43481,-92199.14241,188792.0655,6.903178314,0.095315942,22524199
Mozambique,Africa,1436.93,14.88,17,Community_transmission,0.082107374,0.207406672,0.125513357,0.261951596,0.045921025,0.216612366,37.50853531,-18.665695,35.529562,79.08165138,24.28181827,497.418022,35.4594,497.418022,7.771409,0.089094325,0.047556005,0.046919262,8940114.061,2106.225,3.3,329.942,0.7,2.878446169,0.02,78100,54100,109000,42730.80686,-101156.4606,217405.0243,7.470639336,0.095302424,8574420
Myanmar,South-East Asia,2599.29,58.39,29.2,Clusters_of_cases,0.004058341,0.149324504,0.143134606,0.001201087,0.11208931,0.372273461,82.23861548,21.913965,95.956223,165.9868137,23.24888718,1334.302001,30.3386,1334.302001,4.108704,0.024570963,0,0.01778372,3007115.014,3928.018,4.61,202.104,0.9,6.0117046,0.03,101000,71800,140000,44188.2588,-154467.6165,275476.8498,6.136500514,0.099596574,20502759
Namibia,Africa,13802.17,147.59,21.8,Community_transmission,0.089044975,0.263289397,0.009004236,0.028714748,0.048898725,0.210559553,2.973745582,-22.95764,18.49041,22.70167426,20.99635385,5029.733195,48.988,5029.733195,5.97993,0.084331955,0.29136642,0,383817.6745,18605.525,3.94,243.811,NA,3.608054423,0.02,18000,15500,20400,7752.850354,-2558.718931,20557.78166,21.62193694,0.114344331,398808
Nauru,Western Pacific,0,0,27,No_cases,0.001524589,0.142170547,0.033507149,0,0.059151078,0.32612218,635.2,-0.522778,166.931503,NA,NA,8459.321976,100,8459.321976,3.391356,0.013179816,0,0,442.7829375,NA,NA,NA,NA,NA,NA,NA,NA,NA,-1.458468648,-100.7906542,125.414263,-0.803522754,0.298678377,NA
Nepal,South-East Asia,9337.16,70.19,25.3,Clusters_of_cases,0.000941146,0.061963939,0.190879927,0.000707301,0.09089122,0.146337537,195.9391071,28.394857,84.124008,105.2775371,12.62225128,918.169432,19.3456,918.169432,5.47581,0.114303745,0,0.023399391,1533265.55,14194.313,7.26,260.797,0.3,5.782567617,0.03,123000,107000,142000,32512.57828,-58439.35778,140836.7769,9.234696761,0.094570681,13417146
Netherlands,Europe,58826.29,842.03,42.8,Community_transmission,0.001301349,0.143026829,0,0,0,0.074779317,511.4759276,52.132633,5.291266,66.78641099,10.3164016,49046.83126,91.0502,49046.83126,2.093076,0,0,0,119928.9429,9714.214,5.29,109.361,3.32,19.60531972,0.12,45500,42700,48000,29211.94786,15158.35899,42718.36535,9.228720203,0.015221352,12596601
New Zealand,Western Pacific,407.69,5.18,37.2,Clusters_of_cases,0.0006127,0.09937272,0,0,0,0.128812417,18.38517337,-40.900557,174.885971,142.9639449,10.02285788,41321.06377,86.472,41321.06377,2.586884,0,0,0,23814.55153,59258.999,8.08,128.797,2.61,15.99395617,0.02,-872,-1330,-451,-2677.144853,-5037.956353,-325.1751652,-3.476901205,0.010880694,3969172
Nicaragua,Americas,758.84,25.66,27.3,Community_transmission,0.002356232,0.211943542,0.077675459,0.003768842,0.073712037,0.237611816,53.72704836,12.865416,-85.207229,189.548471,25.23340064,2050.007191,58.3132,2050.007191,4.927748,0.067177051,0,0,127088.2681,NA,11.47,137.016,0.9,5.457992374,0.03,33400,31300,36100,12095.42403,-732.7724894,27282.22683,18.21956881,0.100975139,4861033
Niger,Africa,190.9,6.86,14.8,Community_transmission,0.001714547,0.117740239,0.110353453,0.255381601,0.054796296,0.20302597,17.71765059,17.607789,8.081666,14.73404801,27.8633484,525.3280062,16.3658,525.3280062,5.8837,0.092386458,0.005025389,0.008461953,8708674.215,NA,2.42,238.339,0.3,2.596711426,0.02,18100,10300,27700,34338.61795,-59667.47147,148712.0833,9.323199042,0.099131537,1147619
Nigeria,Africa,681.05,8.12,18.6,Community_transmission,0.009325619,0.148973633,0.119509011,0.195334405,0.026649292,0.201389625,215.064989,9.081999,8.675277,95.58444308,27.27292564,2217.936761,49.5082,2217.936761,7.156285,0.039914876,0.173891099,0.02383374,58602067.05,542.099,2.42,181.013,NA,2.743083338,0.02,163000,93500,238000,186433.5486,-611603.6739,1152126.349,5.64732155,0.098510432,9828209
Niue,Western Pacific,0,0,NA,No_cases,0.001545632,0.195830958,0.013963042,0,0.047750861,0.304721631,19.9446031,-19.054445,-169.867233,NA,NA,NA,NA,NA,3.392097,0.011326173,0,0.009812355,51.37955188,NA,NA,NA,NA,NA,NA,NA,NA,NA,-4.974455247,-41.4477878,60.7376983,-12.74289747,0.508519675,843803
North Macedonia,Europe,45537.06,1414.05,NA,Community_transmission,5.54E-05,0.083518071,0,0,0,0.189107004,82.59151467,41.608635,21.745275,55.35752545,10.51739888,5502.298984,57.778,5502.298984,2.505899,0,0,0,14494.02241,44354.842,10.08,322.688,4.28,14.08542237,NA,20200,19100,21200,15357.40057,11879.78701,18732.9303,30.27466802,0.030267544,NA
Northern Mariana Islands (Commonwealth of the),Western Pacific,2310.75,34.75,32.8,Pending,0.000346218,0.212501577,0.010961928,0,0.046800591,0.297114874,123.6565217,-29.040835,167.954712,566.3958622,27.73741699,22625.3029,91.5312,22625.3029,3.33278,0.011233898,0,0,802.2706521,NA,NA,NA,NA,NA,NA,31,18,44,NA,NA,NA,NA,NA,NA
Norway,Europe,11947.82,107.36,39.5,Clusters_of_cases,0.000680355,0.109342368,0,0,0,0.078590859,14.54829163,60.472024,8.468946,90.33627981,1.726859776,75493.11057,81.8622,75493.11057,2.410796,0,0,0,39128.60107,122259.234,5.31,114.316,3.6,17.27266592,0.07,742,-4,1630,-101.1603177,-3162.518062,2897.413933,0.062864969,0.011914582,4290862
"occupied Palestinian territory, including east Jerusalem",Eastern Mediterranean,36063.92,407.53,18,Community_transmission,4.12E-05,0.080273885,0.057265024,0,0.039207029,0.134386662,NA,31.354676,34.308825,20.33762782,20.26481766,3495.614894,75.8988,3495.614894,4.534656,0.003111658,0.028605514,0,45777.95049,NA,10.59,265.91,NA,NA,NA,12600,10600,15300,NA,NA,NA,NA,NA,1873662
Oman,Eastern Mediterranean,26630.11,300.59,26.2,Community_transmission,0.000610563,0.091754805,0.01558044,0,0.030682111,0.126810988,15.6041454,21.512583,55.923255,6.906469167,26.04229615,15528.42193,83.4784,15528.42193,4.314298,0.017460804,0,0,48057.00721,NA,12.61,266.342,1.6,2.448589805,0.04,12300,11500,12900,11499.52088,8828.830071,14073.15761,36.00693952,0.03829293,3127356
Pakistan,Eastern Mediterranean,2514.85,54.44,22,Community_transmission,0.000348965,0.042344154,0.170695911,0.005727898,0.07063376,0.15284613,275.2893187,30.375321,69.345116,26.13547042,20.47787865,1391.424619,36.455,1391.424619,3.220858,0.010754103,0,0.001775564,20135994.07,6602.221,8.35,423.031,0.6,4.322407709,0.03,664000,498000,847000,230440.2772,-596122.1796,1216860.879,7.120916641,0.093625291,95168256
Palau,Western Pacific,0,0,33.9,No_cases,0.001700677,0.219968762,0.013870941,0,0.045548627,0.320556203,38.92826087,7.51498,134.58252,259.6661422,27.94168622,15830.43282,79.3398,15830.43282,4.585746,0.008312365,0,0,870.1788893,NA,NA,NA,NA,NA,NA,NA,NA,NA,-40.39034548,-229.8614771,187.8257054,-9.836859343,0.180604051,NA
Panama,Americas,75807.34,1270.06,30.1,Community_transmission,0.005351531,0.230283137,0.052030887,0.001318714,0.055803671,0.225725643,56.18607748,8.537981,-80.782127,210.8381772,25.56950256,14889.64139,67.3712,14889.64139,4.199283,0.028347717,0,0,92445.98205,67228.717,8.33,128.346,2.3,8.313836605,0.03,10200,8840,11300,7642.596732,5187.38195,10292.75921,17.92538954,0.03219297,3126231
Papua New Guinea,Western Pacific,100.59,1.01,24,Community_transmission,0.009338012,0.154149349,0.108104447,0.041158527,0.087056451,0.402700191,19.00436338,-6.314993,143.95555,256.4114731,25.21211859,2702.954647,13.1166,2702.954647,5.871886,0.145629955,0,0.141147575,1380354.839,NA,17.65,561.494,NA,3.509425418,0.01,15600,10400,22200,761.1545424,-28245.2832,36324.9714,0.60044631,0.089412157,285486
Paraguay,Americas,19364.5,396.21,29.7,Community_transmission,0.00241368,0.250837527,0.039511299,0,0.037613896,0.2368812,17.50835892,-23.442503,-58.443832,96.10503349,23.65548429,5525.43392,61.308,5525.43392,3.608851,0.006794714,0,0,149596.0935,18055.231,8.27,199.128,1.3,6.620824696,0.02,22500,21600,23300,19817.34582,15072.46811,24377.32869,27.80546533,0.031057259,3468467
Peru,Americas,35991.24,1283.16,29.1,Community_transmission,0.00257009,0.244523619,0.020107959,0.003222397,0.034942821,0.141770963,24.99160625,-9.189967,-75.015152,130.1063933,19.75511154,6612.707723,77.7244,6612.707723,3.274954,0.007964888,0,0,928106.2262,12322.303,5.95,85.755,1.6,8.39347886,0.02,349000,328000,367000,289667.5495,270663.0332,308585.1584,98.08047988,0.047135199,24826812
Philippines,Western Pacific,4918.69,102.49,24.1,Community_transmission,0.002679448,0.122305047,0.092858521,0.000117346,0.118254701,0.385533521,357.6883053,12.879721,121.774017,210.877417,25.91275321,3187.020952,46.6994,3187.020952,3.852608,0.032876399,0.004833877,0.027521469,5634123.49,13628.885,7.07,370.437,1,5.31499622,0.03,184000,175000,197000,185252.7962,128159.9439,243748.3849,11.3314907,0.022124228,60000761
Poland,Europe,41131.42,1039.99,41.9,Community_transmission,0.000428524,0.076295523,0,0,0,0.181569078,124.0234822,51.919438,19.145136,50.62085638,8.667609712,14010.32121,60.1312,14010.32121,2.508853,0,0,0,352061.5241,44658.413,5.91,227.331,6.62,18.11689725,0.08,214000,210000,218000,157530.5183,121552.5705,193245.8041,18.36260353,0.016666418,21625831
Portugal,Europe,75310.48,1407.71,44.6,Clusters_of_cases,0.003869877,0.12444022,0,0,0,0.085899264,112.2619412,39.399872,-8.224454,69.05979978,15.47696051,21505.16212,64.6454,21505.16212,2.402729,0,0,0,151979.4082,136424.942,9.85,127.842,3.39,22.35669072,0.06,40400,38100,42400,20447.23093,4031.458874,36640.08683,8.690969753,0.024981311,9414150
Puerto Rico,Americas,33612.7,659.94,43.6,Community_transmission,0.002364417,0.27854883,0,0,0,0.16290449,360.0173619,18.220833,-66.590149,181.7696521,25.59597179,31199.00344,93.5934,31199.00344,3.276853,0,0.091175938,0,50862.86633,NA,NA,NA,NA,19.69708953,NA,6000,5040,6950,NA,NA,NA,NA,NA,NA
Qatar,Eastern Mediterranean,53634.9,87.12,33.7,Community_transmission,5.48E-05,0.09766765,0.00723677,0,0.029297859,0.128238371,239.5931955,25.354826,51.183884,5.061756859,27.9660516,61464.64005,99.0722,61464.64005,3.779874,0.002223938,0,0,12435.16098,108569.175,16.52,176.69,1.2,1.523163117,0.05,1560,1170,1800,1539.09739,1052.737135,2009.387889,16.31763665,0.019606595,2431704
Republic of Korea,Western Pacific,1589.4,28.91,43.2,Clusters_of_cases,0.000587137,0.161980609,0.003170239,0.000156861,0.025733103,0.192778116,529.3585013,35.907757,127.766922,101.9648503,8.851511522,30981.42147,81.5176,30981.42147,2.820981,0.005066729,0,0,440434.9377,19995.162,6.8,85.998,12.27,15.0601769,0.05,4630,-658,9580,6288.017053,-17973.01457,30148.88066,1.07259583,0.013227631,43820516
Republic of Moldova,Europe,40867.5,881.76,37.7,Community_transmission,0.002341127,0.162770823,0,0,0,0.219308557,94.26443028,47.411631,28.369885,43.53737849,10.38536875,3571.970053,42.5826,3571.970053,2.647302,0,0,0,62475.42109,NA,5.72,408.502,5.8,12.01311911,0.06,16500,15100,18100,18157.57116,11994.93593,24020.12335,22.93031355,0.032061992,1012891
Romania,Europe,38811.15,985.62,42.5,Community_transmission,0.000789046,0.088221606,0,0,0,0.183169763,84.63380129,45.943161,24.96676,55.28317583,9.690750032,10928.99014,53.961,10928.99014,2.548196,0,0,0,285166.7987,46310.626,9.74,370.946,6.892,18.79006579,0.07,119000,115000,125000,106911.7755,81039.07987,131964.72,20.50332837,0.020269182,5941800
Russian Federation,Europe,27397.34,531.73,40.3,Clusters_of_cases,0.008151725,0.157698896,0,0,0,0.196828276,8.822067953,61.52401,105.318756,36.82347051,-5.255762756,10338.81069,74.3052,10338.81069,2.777026,0,0,0,3133222.674,130382.931,6.18,431.297,8.05,15.09412523,0.05,1070000,1060000,1080000,1072325.893,941659.2076,1198577.542,30.82834537,0.015908857,73262585
Rwanda,Africa,1283.26,17.22,19.7,Community_transmission,0.017032168,0.212964107,0.074670273,0.128716157,0.115812897,0.203513421,498.6598703,-1.940278,29.873888,102.3400335,20.01248558,774.5226038,17.1418,774.5226038,7.638848,0.090975621,0.144169842,0,1354981.741,11432.932,4.28,191.375,NA,3.028253062,0.02,21900,17500,27500,5401.110431,-26398.37073,44568.92489,4.144580864,0.093359107,7611254
Saint Kitts and Nevis,Americas,751.99,0,36.5,Sporadic_cases,0.008900809,0.256184552,0,0,0,0.203760205,201.6846154,17.357822,-62.782998,197.702842,25.20702949,19041.94034,30.793,19041.94034,2.794872,0,0,0,2381.327501,NA,12.84,NA,2.3,NA,NA,30,-50,74,-207.1980943,-603.6417873,267.7198166,-19.46120961,0.303498815,55980
Saint Lucia,Americas,11038.68,103.47,36.9,Sporadic_cases,0.002158283,0.256518462,0.026222941,0,0.033034975,0.232029673,298.1786885,13.909444,-60.978893,205.9907469,26.38101282,10894.49266,18.6234,10894.49266,3.382297,0.007234927,0,0,2822.435391,NA,11.62,204.62,1.3,10.03501286,0.04,501,286,710,369.9151224,-661.1329075,1567.628439,11.40975648,0.120236372,25175
Saint Vincent and the Grenadines,Americas,11564.81,36.06,35.3,Clusters_of_cases,0.003997978,0.239368037,0.025192278,0,0.036086985,0.252906961,282.5897436,12.984305,-61.287228,136.433216,27.39501731,7205.562908,51.7866,7205.562908,3.346557,0.009237293,0,0,2756.371111,NA,11.62,252.675,2.6,9.740570943,0.04,234,121,361,493.5386721,-210.2340657,1348.588352,26.37419713,0.325509009,24884
Samoa,Western Pacific,15.12,0,25.6,No_cases,0.001260556,0.149827711,0.058266016,0,0.057697791,0.339698086,69.30388693,-13.759029,-172.104629,258.0466173,27.58954712,4191.027702,18.4692,4191.027702,3.762921,0.013624301,0,0.024512183,6285.45855,NA,9.21,348.977,NA,NA,NA,NA,NA,NA,-88.59100334,-808.1643765,752.3068803,-3.588583904,0.107618275,NA
San Marino,Europe,92433.26,2033.12,45.2,Community_transmission,0.000747149,0.117165514,0,0,0,0.076627063,563.0833333,43.94236,12.457777,NA,NA,45220.35838,97.063,45220.35838,2.398999,0.005207386,0,0,231.3190871,NA,5.64,NA,3.8,NA,0.04,118,100,138,170.522567,70.57474417,263.238539,28.82952472,0.069081497,NA
Sao Tome and Principe,Africa,6182.73,100.38,19.3,Community_transmission,0.000140989,0.16953951,0.083900554,0.011155871,0.03565504,0.175207878,219.8208333,0.18636,6.613081,177.2261475,23.93371699,1799.777888,71.927,1799.777888,5.007559,0.007547836,0.000148223,0.026705805,9689.244949,NA,2.42,270.113,2.9,2.960159214,0.02,235,157,303,190.8957738,-480.0543702,993.2176508,9.669242629,0.12193492,89212
Saudi Arabia,Eastern Mediterranean,10646.16,184.01,30.8,Sporadic_cases,0.000307934,0.104401501,0.010094474,5.89E-05,0.029033747,0.183034196,15.67665431,23.885942,45.079162,5.860535641,25.50970032,21557.94767,83.6224,21557.94767,3.787655,0.002352256,0.023971469,0,400595.3112,76124.519,17.72,259.538,2.7,3.4128866,0.04,32900,21100,41600,17549.65016,-55013.51608,105937.1348,6.345252969,0.101271792,9423397
Senegal,Africa,1735.38,41.15,19.4,Community_transmission,0.00320758,0.133991629,0.114991352,0.024813762,0.119637003,0.202599734,82.34747832,14.497401,-14.452362,59.56883689,28.63098878,1352.654466,46.7486,1352.654466,7.190223,0.101969864,0.089355035,0.0103881,1766604.74,4487.26,2.42,241.219,NA,3.098476445,0.02,38600,31900,50000,16504.08343,-27249.48971,70758.28214,9.53438194,0.095322456,1324897
Serbia,Europe,58853.37,594.36,43.4,Community_transmission,0.000275034,0.084631067,0,0,0,0.174109598,79.8376858,44.016521,21.005859,63.15389821,11.05039516,6462.192619,55.96,6462.192619,2.575244,0,0,0,67403.17097,78210.557,10.08,439.415,5.609,18.74050342,0.08,37400,35200,40700,55643.47862,41188.21211,69532.24628,23.86494271,0.02613263,3306777
Seychelles,Africa,16014.72,71.18,36.8,Community_transmission,0.001080556,0.171633576,0.022943535,0,0.071521624,0.302071768,210.3521739,-4.679574,55.491977,135.9992685,27.40689231,15911.82818,56.2604,15911.82818,3.271308,0.007781245,0,0,3093.698218,NA,10.55,242.648,3.6,7.805481947,0.01,116,98,144,6.93491496,-309.6013977,356.8711445,0.337381827,0.120628434,83940
Sierra Leone,Africa,474.99,9.9,19.1,Community_transmission,0.010028082,0.150285276,0.079307026,0.346189436,0.064572672,0.208262056,105.987171,8.460555,-11.779889,203.3372919,26.42637981,530.1099384,41.6464,530.1099384,6.026111,0.09511781,0.008418908,0.048506736,2196893.968,NA,2.42,325.721,NA,2.947736623,0.02,7570,4980,10300,7884.755713,-25490.57407,48017.79493,6.167185697,0.099441302,736612
Singapore,Western Pacific,10208.12,4.96,35.6,Sporadic_cases,0.000867257,0.127344396,0,0,0,0.196851229,7952.998418,1.352083,103.819836,209.6255116,27.80535833,60962.14425,100,60962.14425,2.384924,0,0,0,65176.35233,29987.765,10.99,92.243,2.4,12.39312948,0.04,-1770,-2360,-1090,1474.879264,-851.1548508,3792.581436,2.63359223,0.013763154,4845662
Slovakia,Europe,48685.79,985.78,41.8,Clusters_of_cases,6.65E-05,0.087197826,0,0,0,0.163541924,113.2855865,48.669026,19.699024,63.66602628,8.452958686,17809.77652,53.7802,17809.77652,2.688726,0,0,0,54802.94141,360949.022,7.29,287.959,5.82,16.17236389,0.09,25400,23800,26600,24320.15568,18712.34786,29809.49651,21.77100228,0.021308244,2524649
Slovenia,Europe,83871.67,1873.07,44.9,Clusters_of_cases,0.000138307,0.089957592,0,0,0,0.137346299,102.9636605,46.151241,14.995463,111.9027647,9.677380513,23624.06463,54.2874,23624.06463,2.693242,0,0,0,13916.66907,73447.824,7.25,153.493,4.5,20.18628401,0.09,6980,6070,7830,5581.839604,2486.682903,8564.082751,13.11503811,0.028179289,1247264
Solomon Islands,Western Pacific,26.21,0,23.5,No_cases,0.001142362,0.13571923,0.011346283,0.029281855,0.144605403,0.36771582,23.32468739,-9.64571,160.156194,252.0202801,25.76576827,2308.1258,23.2856,2308.1258,4.227376,0.112079293,0,0,64682.92326,NA,18.68,459.78,1.4,NA,NA,NA,NA,NA,-60.12428294,-2484.075118,2889.399023,-0.613666221,0.095605909,NA
Somalia,Eastern Mediterranean,305.92,8.43,18.5,Community_transmission,0.001984269,0.174945845,0.262996333,0.046994458,0.050691553,0.176123926,23.9234769,5.152149,46.199616,22.70419026,27.27487115,NA,44.3954,NA,6.56932,0.101044474,0.090459863,0,6209556.983,NA,6.05,365.769,0.9,2.889203812,0.02,89000,45800,153000,35460.52124,-51577.64402,141169.6514,10.52854306,0.100367925,1095408
South Africa,Africa,24912.22,783.58,28,Community_transmission,0.14745607,0.307164656,0.007395387,0.000826249,0.041301184,0.452178193,47.63011978,-30.559482,22.937506,38.30377356,18.2151142,5903.092181,65.846,5903.092181,4.637813,0.029538737,0.080533233,0,11112288.21,28422.361,5.52,200.38,2.32,5.415255608,0.04,302000,287000,332000,238671.0072,200956.9651,275484.2504,22.33018135,0.014442372,18886968
South Sudan,Africa,411.75,5.81,18.6,Community_transmission,0.012532606,0.186705055,0.013519102,0.167248732,0.033197423,0.243498522,NA,6.877,31.307,83.87234119,27.82378718,1119.651333,19.3608,1119.651333,7.355363,0.175925444,0.053810615,0.015209447,2516513.415,783.202,10.43,280.775,NA,3.376805137,NA,14700,8460,24000,9166.161761,-34921.23798,62553.95653,5.11286671,0.092715239,236776
Spain,Europe,62312.88,1300.44,43.9,Community_transmission,0.00237485,0.10964755,0,0,0,0.029729722,93.67719744,40.463667,-3.74922,49.68400215,13.90396801,28079.45374,80.0816,28079.45374,2.018317,0,0,0,334587.2058,15801.553,7.17,99.403,2.97,19.64782295,0.08,162000,157000,166000,103936.985,54120.09847,152580.0953,12.13822116,0.02124984,39674966
Sri Lanka,South-East Asia,3279.98,17.05,33.7,Clusters_of_cases,9.66E-05,0.167218262,0.015782575,0,0.09041527,0.292350119,345.558922,7.873054,80.771797,141.0176748,27.25148782,3948.153342,18.4024,3948.153342,3.460558,0.014004668,0,0.001512025,319381.6082,12166.599,10.68,197.093,3.6,10.83880576,0.02,12900,7670,18100,-8831.176397,-55267.96922,42839.95758,-2.593505486,0.081781689,16035250
Sudan,Eastern Mediterranean,680.76,41.85,18.3,Community_transmission,0.002744309,0.076803397,0.031290675,0.038065308,0.052241615,0.177445576,NA,12.862807,30.217636,20.71728683,27.77713558,1077.248251,34.3926,1077.248251,5.800546,0.027151044,0.011530623,0.013722293,2070246.913,NA,15.67,431.388,0.8,3.627317326,0.02,83600,59900,1.00E+05,37998.63271,-84969.61737,185435.1844,7.828250469,0.095786542,2953576
Suriname,Americas,14780.99,274.45,31,Community_transmission,0.006383747,0.231991032,0.029005469,0.001517985,0.036598834,0.263025409,3.692224359,3.919305,-56.027783,191.7774798,26.09988301,6422.742487,66.0584,6422.742487,4.262997,0.008322278,0.121864572,0,17118.93726,NA,12.54,258.314,3.1,7.015129728,0.02,2590,1370,3790,726.5412487,139.0463892,1334.094925,7.133254662,0.029438145,262401
Sweden,Europe,58228.2,1199.59,41.1,Community_transmission,0.000526483,0.135712461,0,0,0,0.18226965,24.98149812,60.128161,18.643501,56.04342372,2.537721731,52701.24611,87.138,52701.24611,2.222294,0,0,0,68074.12431,NA,4.79,133.982,2.22,20.19856962,0.07,18100,16900,19500,13438.69734,4876.346977,21897.32563,7.474800602,0.016614944,7615799
Switzerland,Europe,61534.17,1025.12,42.7,Community_transmission,0.002714242,0.130994919,0,0,0,0.076510978,215.4653505,46.818188,8.227512,127.1149784,6.713588109,81503.13181,73.7728,81503.13181,2.238162,0,0,0,47583.27033,81376.764,5.59,99.739,4.53,18.83799606,0.11,15500,14000,17000,8247.219054,1485.279121,14883.53268,5.619710279,0.016535807,5960662
Syrian Arab Republic,Eastern Mediterranean,831.45,54.74,23.5,Community_transmission,2.79E-05,0.084637221,0.042608576,0,0.030184652,0.145932792,92.06710777,34.802075,38.996815,22.83998221,18.45703471,NA,53.4972,NA,4.422995,0.002864491,0.024979618,0,199275.7493,NA,NA,376.264,1.5,4.691855102,0.05,27100,17200,35800,7313.834825,-53681.13878,74857.46116,8.14223248,0.176318958,1317963
Tajikistan,Europe,1437.88,9.54,25.3,Pending,0.000508842,0.071956396,0.073857847,3.20E-05,0.002686856,0.26508328,65.57271417,38.861034,71.276093,43.76687981,4.001359519,847.0129108,27.0036,847.0129108,3.226007,0.010034337,0,0,405405.3022,NA,7.11,427.698,4.8,3.085961212,0.03,29400,28300,30500,13008.73759,-3940.785806,32875.47737,13.79266839,0.092774793,3679634
Thailand,South-East Asia,340.2,1.13,39,Clusters_of_cases,0.007747411,0.208705419,0.035507317,0.000706745,0.063261535,0.275839683,135.8972068,15.870032,100.992541,130.2134678,26.71120801,6705.882145,49.1966,6705.882145,3.638516,0.007420266,0,0.007039241,2163246.552,6731.027,7.04,109.861,2.1,12.40625033,0.04,35200,26600,42200,15301.27518,-56039.78875,84842.56375,1.509847694,0.023598041,51292989
The United Kingdom,Europe,58329.96,1661.58,40.6,Community_transmission,0.002085203,0.10024839,0,0,0,0.085724798,274.7089819,55.378051,-3.435973,103.6380205,9.062469455,42354.74561,83.141,42354.74561,2.455429,0,0,0,691317.7518,201189.162,4.28,122.137,2.54,18.50869564,0.12,169000,163000,174000,148896.7539,77108.41944,218564.6406,11.84400481,0.021864564,50012561
Timor-Leste,South-East Asia,65.23,0,19.6,Sporadic_cases,0.002822998,0.123347389,0.067296098,0.000361135,0.119002346,0.348606803,85.27047747,-8.874217,125.727539,130.6706106,25.44747468,1352.73491,30.2154,1352.73491,4.430067,0.060642926,0,0.07771629,84993.90792,NA,6.86,335.346,5.9,NA,NA,1300,976,1610,683.0694469,-3339.884482,5474.030074,4.379770268,0.099970392,NA
Togo,Africa,663.87,9.66,20,Community_transmission,0.014169022,0.163539695,0.058550268,0.267979536,0.048415554,0.198936359,145.0467733,8.619543,0.824782,97.00906484,27.38863942,630.7471811,41.168,630.7471811,5.85575,0.174178167,0.017761031,0.001106817,1470920.785,5142.972,6.15,280.033,0.7,2.887347591,0.02,9030,6920,12000,-6988.748751,-8798.026178,-5205.9954,-6.346943729,0.005362288,1395223
Tokelau,Western Pacific,0,0,NA,No_cases,0.001485144,0.165928041,0.027660357,0,0.052387307,0.32976708,NA,-8.967363,-171.855881,NA,NA,NA,NA,NA,3.263905,0.012226705,0,0,39.93338646,NA,NA,NA,NA,NA,NA,5130,2640,7830,NA,NA,NA,NA,NA,NA
Tonga,Western Pacific,0,0,24.1,No_cases,0.000431417,0.152660897,0.0196126,0,0.032527979,0.348354022,143.3291667,-21.178986,-175.198242,138.2146619,24.96601859,4530.407908,23.1808,4530.407908,3.126835,0.026074356,0,0.003394293,3092.547677,NA,NA,NA,NA,NA,NA,NA,NA,NA,-36.71036136,-460.4417198,464.8818621,-2.879753177,0.120530037,NA
Trinidad and Tobago,Americas,5441.99,96.46,37.8,Community_transmission,0.007025826,0.260481464,0.012854568,0,0.031355046,0.239972805,270.9274854,10.691803,-61.222503,133.2558428,26.54560128,17046.54795,53.229,17046.54795,3.169138,0.006038655,0,0,25300.66616,10051.844,10.97,228.467,3,11.11820802,0.03,NA,NA,NA,2030.960767,-3214.462046,8231.424928,10.99051365,0.109996829,709406
Tunisia,Eastern Mediterranean,18424.57,614.03,32.7,Community_transmission,0.000274553,0.116828804,0.025391425,0,0.026798871,0.138221707,74.44132338,33.886917,9.537499,22.15569814,20.38518125,3559.418157,68.6486,3559.418157,4.266479,0.002412001,0.019624968,0,114161.8623,1262.233,8.52,318.991,2.3,8.593468556,0.07,72500,59300,84100,23821.48694,838.6820159,50180.63349,17.41487932,0.098730996,6790542
Turkey,Europe,30111.3,318.95,32.2,Community_transmission,6.76E-05,0.099487205,0.01768629,0,0.027189533,0.188848147,106.9601289,38.963745,35.243322,47.59197157,11.66637702,10215.03956,74.6324,10215.03956,3.060982,0.002706887,0,0,753964.9764,66058.574,12.13,171.285,2.81,8.726283826,0.06,185000,160000,217000,263944.8502,165725.7125,376957.1982,29.88203537,0.056433289,54362252
Turkmenistan,Europe,0,0,29.2,No_cases,0.000789533,0.084141347,0.009002828,0,0.002976912,0.232395878,12.45059477,38.969719,59.556278,12.66728359,15.96647058,6593.988709,51.1678,6593.988709,2.929513,0.016491658,0,0,156325.9482,NA,NA,NA,NA,NA,NA,15200,14700,15800,651.6639967,-17835.57875,22964.61228,0.993891261,0.095094095,NA
Tuvalu,Western Pacific,0,0,26.6,No_cases,0.001561479,0.168570534,0.044367405,0,0.053956849,0.378010941,383.6,-7.109535,177.64933,257.8530612,28.50463814,3557.193757,61.5014,3557.193757,3.173443,0.012997788,0,0,415.126025,NA,NA,NA,NA,NA,NA,NA,NA,NA,-10.94900492,-142.5641431,148.9395136,-4.973158345,0.23067954,NA
Uganda,Africa,871.43,7.15,15.7,Community_transmission,0.034092082,0.204169433,0.033686444,0.352851821,0.073276755,0.355745112,213.0617345,1.373333,32.290275,105.5349147,23.50592596,777.8102211,23.203,777.8102211,5.688672,0.099074577,0.067308471,0.003604237,7233153.21,3501.188,2.5,213.333,0.5,1.962550187,0.02,73500,55900,95400,20518.52523,-89626.36647,153592.6522,4.536822358,0.093807738,9138988
Ukraine,Europe,28573.94,543.54,41.2,Community_transmission,0.006273921,0.162866303,0,0,0,0.212636742,77.0296708,48.379433,31.16558,47.14680837,9.072880128,2741.783444,69.2572,2741.783444,2.709627,0,0,0,1019773.289,20245.542,7.11,539.849,8.8,16.70499039,0.06,181000,177000,186000,198226.4677,135682.3877,260060.351,16.93425999,0.020567802,14646647
United Arab Emirates,Eastern Mediterranean,33294.2,94.03,38.4,Community_transmission,0.000255831,0.113247152,0.004754499,0,0.024806881,0.317757598,135.6091101,23.424076,53.847818,4.720580513,27.55765032,40878.5428,86.2396,40878.5428,2.324384,0.002080632,0,0,72758.64946,349471.747,17.26,317.84,1.2,1.156549456,0.05,9340,6500,11800,2329.893839,-9060.364022,16011.18996,5.376982598,0.101526201,9227398
United Republic of Tanzania,Africa,8.52,0.35,18.2,Pending,0.027499238,0.183360914,0.155028418,0.06708198,0.038790955,0.131010722,63.5790788,-6.369028,34.888822,81.42914897,22.90503654,1020.473123,33.0558,1020.473123,7.835872,0.093294759,0.068552334,0.006534761,8483909.311,NA,5.75,217.288,0.7,2.620541103,0.02,132000,102000,188000,40029.65929,-119145.724,233309.0796,6.252982109,0.09876112,2014144
United States of America,Americas,80804.12,1389.7,38.5,Community_transmission,0.005603957,0.181889991,0,0,0,0.118588217,35.71362209,37.09024,-95.712891,55.8877625,7.616999647,60629.43539,82.0612,60629.43539,2.52554,0,0,0,2895404.151,174118.327,10.79,151.089,2.77,16.20960614,0.23,1130000,1080000,1180000,932458.4464,708710.6518,1153670.128,15.17205902,0.013731855,243358687
United States Virgin Islands,Americas,23615.03,229.83,35.5,Community_transmission,0.002354979,0.272107162,0,0,0,0.215195654,305.6485714,18.335765,-64.896335,NA,NA,35555.5687,95.5972,35555.5687,2.615329,0,0,0,1487.634298,NA,NA,NA,NA,19.87511714,NA,526,301,837,NA,NA,NA,NA,NA,NA
Uruguay,Americas,13043.9,141.06,30.1,Community_transmission,0.003676452,0.201245597,0,0,0,0.17868849,19.70802765,-32.522779,-55.765835,110.6826119,17.94185513,16358.23055,95.2378,16358.23055,2.481942,0,0,0,47041.25409,35941.046,6.93,160.708,2.8,14.94124043,0.02,9820,8670,11500,3106.053857,-478.0087369,6640.995896,4.895266947,0.018056477,2782867
Uzbekistan,Europe,2366.47,18.55,23,Clusters_of_cases,0.000704044,0.080250478,0.026599262,0,0.002427748,0.22475033,77.47085096,41.377491,64.585262,17.5447076,13.15879317,2052.663052,50.5722,2052.663052,3.147205,0.005823826,0,0,1130855.69,NA,7.57,724.417,4,4.595215725,0.03,69100,66000,73400,44886.30347,5005.155118,82500.79527,14.12194662,0.045101121,18079919
Vanuatu,Western Pacific,3.26,0,NA,No_cases,0.001218968,0.129161543,0.156318818,0.004751586,0.127493235,0.400665586,24.00984413,-15.376706,166.959158,211.1662724,24.12316346,3002.953163,25.1708,3002.953163,4.446694,0.065837424,0,0.012412626,16886.89774,NA,12.02,546.3,NA,NA,NA,35,10,72,-76.36804077,-1283.700586,1352.209242,-1.696327759,0.102294067,NA
Venezuela (Bolivarian Republic of),Americas,4575.76,43.36,30,Community_transmission,0.003420761,0.243183845,0.187897181,0.015740698,0.077581301,0.245535407,32.73079191,6.42375,-66.58973,163.4057516,25.86505513,NA,88.19,NA,5.530943,0.020371603,0.060463052,0,587444.0996,NA,6.47,204.85,0.8,7.610990373,0.04,164000,153000,177000,22325.42483,-70523.22798,135222.2182,6.009649276,0.094449367,19033534
Viet Nam,Western Pacific,21.09,0.36,31.9,Clusters_of_cases,0.002661151,0.16155239,0.109981818,0.000699,0.08081827,0.45040707,308.1252459,14.058324,108.277199,153.6768327,24.59981795,2384.962135,35.2158,2384.962135,3.120298,0.007850913,0,0.008254647,2287437.805,425.969,6,245.465,2.6,7.553672942,0.04,72300,39600,111000,-6231.135879,-265676.3525,322802.7369,-0.443572352,0.231262931,77353930
Yemen,Eastern Mediterranean,71.55,20.65,19.8,Community_transmission,0.000217244,0.072878615,0.09823899,0.012771964,0.05349941,0.185236426,53.97785291,15.552727,48.516388,14.33384929,23.93610449,1059.940298,36.0204,1059.940298,5.355027,0.044702319,0.016231429,0.007908668,1788795.959,NA,5.35,495.003,0.7,2.902140675,0.03,65600,37800,97600,33792.32634,-62545.16861,149917.0097,9.45951989,0.103214389,489529
Zambia,Africa,3408.57,46.4,16.9,Community_transmission,0.069018935,0.229081913,0.040574272,0.118292391,0.03698823,0.17735988,23.3414789,-13.133897,27.849332,78.59351564,22.45181442,1394.93894,42.9828,1394.93894,7.925194,0.081461428,0.104574236,0.028918473,3525651.927,7600.931,3.94,234.499,2,2.115314738,0.02,81300,59100,115000,23552.81365,-37880.21441,98263.42358,9.64649339,0.097218798,1538759
Zimbabwe,Africa,2331.84,90.09,20.5,Community_transmission,0.087042576,0.257618157,0.039793285,0.013333333,0.028672414,0.121891023,37.32459093,-19.015438,29.154857,51.95784237,22.04016122,1521.110227,32.2674,1521.110227,5.685164,0.049674191,0.023431863,0.013354564,3052140.15,3976.657,1.82,307.846,1.7,2.980608063,0.01,80900,64000,101000,18631.68599,-39287.33959,89049.84849,8.128382355,0.095405922,4111696
